T1,u,mte_loi,z1,HB1,overload_ratio,suggested_mte
364848.54,2.2,2.0,20,202.9,1.13,2.5
440102.17,3.51,2.0,21,229.5,1.2,2.5
433006.3,4.39,2.0,18,238.1,1.26,2.5
281881.01,2.38,2.0,25,196.2,1.2,2.5
306291.51,2.44,3.0,21,197.6,1.41,3.5
439645.68,2.91,2.5,18,223.4,1.24,3.0
262809.43,2.0,2.5,19,218.8,1.18,3.0
335168.19,2.88,1.5,29,229.5,1.41,2.0
471170.54,3.97,2.5,18,214.1,1.27,3.0
361676.79,3.44,2.0,28,229.4,1.27,2.5
338503.04,2.71,3.0,18,225.6,1.37,3.5
385732.52,2.51,3.0,19,228.6,1.13,3.5
300751.63,4.13,1.5,21,203.1,1.36,2.0
336237.93,3.49,1.5,27,238.5,1.32,2.0
456978.68,2.52,2.5,21,212.3,1.16,3.0
416616.66,4.04,2.5,24,207.2,1.31,3.0
153405.45,4.36,1.5,22,193.9,1.46,2.0
226442.3,3.26,2.5,18,228.6,1.29,3.0
463812.49,2.68,3.0,21,226.1,1.3,3.5
225712.27,2.58,2.5,22,234.5,1.2,3.0
155068.62,2.74,1.5,20,207.6,1.46,2.0
426334.77,3.36,2.5,30,195.8,1.19,3.0
304680.16,3.51,3.0,24,206.0,1.41,3.5
194799.58,4.02,1.5,21,234.6,1.45,2.0
427183.69,2.51,1.5,21,230.7,1.22,2.0
483054.19,3.03,1.5,29,194.6,1.24,2.0
311437.39,2.27,1.5,24,213.7,1.49,2.0
255249.79,3.88,1.5,20,238.1,1.29,2.0
368642.93,4.34,2.0,28,233.0,1.43,2.5
316151.94,3.28,2.5,27,228.8,1.38,3.0
207282.73,2.03,2.5,29,238.3,1.42,3.0
289442.79,2.07,2.5,27,191.2,1.48,3.0
195913.42,2.83,2.5,21,221.9,1.23,3.0
278093.15,4.5,2.0,25,229.9,1.41,2.5
306713.66,3.58,2.0,29,193.9,1.43,2.5
404347.25,3.86,3.0,20,193.5,1.11,3.5
197792.09,3.56,2.0,20,197.8,1.2,2.5
414507.2,2.39,2.5,25,232.0,1.17,3.0
164952.87,3.79,1.5,28,191.6,1.25,2.0
422535.1,2.08,1.5,18,212.5,1.43,2.0
200811.21,3.99,2.5,29,206.1,1.48,3.0
295623.35,4.13,3.0,30,192.5,1.23,3.5
207018.1,3.11,3.0,20,231.0,1.24,3.5
348373.94,2.21,2.5,24,208.3,1.16,3.0
445476.94,2.06,1.5,19,229.7,1.49,2.0
323822.35,3.47,1.5,25,208.0,1.15,2.0
365764.61,3.63,1.5,23,222.7,1.4,2.0
369383.93,2.46,3.0,28,190.5,1.25,3.5
358907.74,4.23,2.5,26,233.9,1.11,3.0
165564.05,3.18,3.0,22,229.9,1.45,3.5
443479.94,4.49,3.0,29,191.3,1.19,3.5
365484.03,2.57,1.5,20,199.3,1.37,2.0
205429.3,3.8,2.0,18,231.8,1.43,2.5
186323.32,3.26,1.5,29,234.6,1.25,2.0
206935.27,2.64,2.5,28,220.8,1.46,3.0
351448.22,3.92,1.5,28,193.0,1.24,2.0
268011.33,4.41,3.0,18,194.0,1.33,3.5
347172.99,2.59,2.0,18,228.3,1.44,2.5
398472.32,3.89,2.0,22,235.0,1.25,2.5
341944.27,3.71,1.5,21,218.4,1.36,2.0
456740.94,2.6,3.0,18,198.8,1.49,3.5
384899.78,2.22,2.5,26,239.1,1.41,3.0
345299.73,2.13,2.0,27,190.3,1.33,2.5
244383.84,2.59,1.5,24,236.1,1.21,2.0
394931.1,3.87,3.0,24,238.9,1.37,3.5
401024.53,3.26,3.0,18,226.6,1.19,3.5
211292.06,4.44,2.0,18,235.5,1.15,2.5
415755.46,4.3,2.0,20,207.7,1.33,2.5
255544.19,2.5,2.0,23,235.7,1.37,2.5
255751.84,2.0,2.0,19,211.7,1.32,2.5
341559.67,4.28,2.0,20,220.1,1.19,2.5
390874.22,2.94,2.5,24,215.8,1.17,3.0
384976.16,2.11,3.0,26,233.6,1.23,3.5
283849.55,3.82,2.5,29,218.5,1.36,3.0
176725.67,3.99,2.0,27,234.3,1.4,2.5
253019.22,4.07,2.0,22,236.8,1.4,2.5
249051.65,4.37,2.5,26,210.2,1.24,3.0
319890.72,2.63,2.5,29,201.1,1.27,3.0
251964.83,2.01,2.0,22,228.4,1.47,2.5
469922.52,4.26,2.0,20,219.4,1.19,2.5
170050.87,3.41,3.0,21,224.0,1.23,3.5
300430.47,2.07,3.0,23,227.8,1.33,3.5
267893.76,4.12,1.5,20,208.5,1.33,2.0
357418.74,3.72,1.5,20,215.7,1.32,2.0
408898.33,2.1,3.0,24,228.1,1.42,3.5
298586.29,3.77,2.5,18,201.1,1.4,3.0
460588.26,3.63,1.5,28,207.5,1.39,2.0
187686.57,2.92,3.0,20,230.9,1.24,3.5
425180.12,3.2,2.0,23,236.5,1.46,2.5
362136.11,2.03,2.0,28,227.8,1.23,2.5
486119.6,4.0,1.5,30,213.0,1.1,2.0
406301.38,2.39,2.0,27,209.3,1.18,2.5
226459.72,2.7,1.5,30,208.9,1.49,2.0
369326.56,3.81,2.5,22,197.2,1.38,3.0
200732.82,4.28,2.5,23,216.3,1.31,3.0
333419.44,4.25,1.5,27,233.7,1.26,2.0
414670.76,3.3,1.5,24,201.9,1.42,2.0
305290.28,2.1,2.0,23,213.2,1.38,2.5
196533.11,3.69,2.0,20,211.1,1.19,2.5
253679.18,4.29,2.5,26,206.2,1.24,3.0
319568.77,4.1,1.5,29,229.4,1.1,2.0
248844.5,4.28,2.0,23,237.9,1.2,2.5
222823.24,4.46,2.0,28,204.9,1.34,2.5
214544.76,2.76,2.5,29,218.6,1.39,3.0
382671.76,4.03,3.0,18,192.2,1.44,3.5
398677.8,4.38,2.0,20,238.0,1.49,2.5
222496.41,2.09,1.5,27,230.2,1.19,2.0
156162.57,2.16,2.5,24,219.9,1.31,3.0
198752.99,3.51,1.5,28,226.4,1.22,2.0
283154.66,3.43,2.0,23,200.0,1.4,2.5
268860.66,3.59,1.5,26,226.7,1.33,2.0
471233.83,3.77,2.5,24,197.7,1.25,3.0
454684.57,3.47,2.0,21,232.8,1.11,2.5
408936.08,4.14,2.5,26,207.7,1.49,3.0
355907.69,3.07,2.5,27,222.6,1.24,3.0
302710.67,3.19,3.0,30,235.7,1.41,3.5
453400.01,3.22,2.5,19,211.7,1.49,3.0
497288.56,3.76,2.5,23,235.0,1.1,3.0
236658.67,3.13,3.0,18,236.5,1.45,3.5
400171.06,3.05,2.0,27,237.3,1.35,2.5
244969.71,4.01,3.0,30,216.9,1.26,3.5
354823.91,3.02,1.5,27,233.4,1.15,2.0
248947.13,4.11,3.0,28,192.6,1.28,3.5
432811.29,3.57,2.0,28,235.3,1.36,2.5
204397.97,2.21,2.0,26,194.8,1.18,2.5
393143.89,3.69,2.0,25,218.6,1.17,2.5
242560.82,3.08,2.5,28,211.7,1.26,3.0
189700.93,3.12,1.5,29,224.6,1.37,2.0
184716.65,2.1,2.5,18,232.2,1.48,3.0
450098.42,3.98,1.5,24,220.3,1.35,2.0
196799.71,2.84,2.5,27,237.5,1.22,3.0
312542.48,3.59,1.5,23,191.7,1.23,2.0
253067.61,2.16,1.5,18,210.3,1.34,2.0
444687.97,3.18,2.5,21,234.5,1.42,3.0
172443.48,3.1,3.0,21,200.9,1.4,3.5
386065.66,3.89,3.0,23,218.1,1.15,3.5
161423.53,3.83,1.5,30,199.4,1.25,2.0
213745.6,3.26,3.0,20,232.9,1.13,3.5
351355.22,2.13,2.5,30,209.0,1.22,3.0
364266.28,4.3,1.5,18,200.6,1.23,2.0
174837.98,3.81,2.5,30,191.6,1.28,3.0
235743.38,2.34,2.5,22,218.3,1.13,3.0
353357.45,3.91,3.0,21,205.6,1.44,3.5
499962.24,3.72,3.0,18,219.8,1.42,3.5
229779.6,3.47,2.5,19,202.9,1.2,3.0
281744.11,4.32,1.5,28,200.0,1.44,2.0
468789.25,2.98,3.0,28,213.2,1.15,3.5
272108.35,4.45,3.0,25,227.6,1.43,3.5
346206.28,3.92,2.0,19,214.7,1.24,2.5
228842.35,3.0,2.0,27,222.6,1.3,2.5
350791.21,3.91,2.5,20,194.2,1.21,3.0
180470.0,3.26,2.5,28,201.2,1.17,3.0
351975.33,2.67,2.0,23,223.1,1.3,2.5
257615.9,3.59,3.0,20,215.6,1.36,3.5
284261.78,3.11,3.0,22,231.3,1.43,3.5
303361.92,2.71,3.0,28,223.5,1.34,3.5
496956.48,3.88,1.5,22,217.4,1.13,2.0
418372.92,2.1,2.5,20,237.9,1.38,3.0
213401.46,3.33,1.5,27,198.0,1.3,2.0
421941.12,2.56,2.5,20,224.3,1.36,3.0
226292.16,3.92,2.5,27,237.1,1.11,3.0
239905.93,2.78,1.5,20,226.3,1.37,2.0
328175.03,4.44,2.0,18,215.3,1.22,2.5
295678.99,4.2,1.5,27,216.5,1.26,2.0
244325.59,3.42,2.5,20,235.5,1.15,3.0
439260.35,4.04,2.0,20,222.0,1.18,2.5
484786.67,2.54,2.5,21,233.7,1.24,3.0
410911.81,2.83,2.0,28,203.8,1.18,2.5
365232.38,4.41,2.5,18,238.9,1.41,3.0
156643.72,2.58,3.0,19,228.6,1.16,3.5
479652.86,3.18,1.5,25,227.5,1.44,2.0
428690.75,3.96,1.5,22,240.0,1.31,2.0
183840.62,2.23,1.5,18,195.2,1.47,2.0
279367.23,3.56,2.5,21,217.9,1.33,3.0
226235.61,3.9,2.5,19,193.3,1.15,3.0
182731.51,2.71,2.5,20,222.4,1.1,3.0
274939.19,4.48,1.5,24,212.8,1.37,2.0
359425.09,3.83,2.0,29,196.2,1.35,2.5
191413.98,4.22,2.0,29,192.7,1.3,2.5
153215.22,2.7,2.0,21,224.9,1.29,2.5
376331.49,3.93,3.0,18,190.6,1.45,3.5
446767.97,4.47,1.5,26,216.7,1.16,2.0
155383.25,2.03,1.5,22,214.1,1.47,2.0
221235.15,3.31,2.0,20,225.0,1.14,2.5
165116.92,2.45,2.0,29,235.6,1.26,2.5
271086.78,2.89,3.0,24,213.7,1.22,3.5
444949.57,3.34,3.0,23,193.7,1.28,3.5
161813.96,2.32,2.0,21,208.7,1.16,2.5
367349.58,3.88,2.0,30,201.1,1.45,2.5
260922.75,3.25,2.0,27,190.2,1.2,2.5
262107.3,3.02,2.5,28,235.2,1.33,3.0
273807.26,3.01,1.5,18,195.2,1.24,2.0
260577.09,2.43,3.0,30,198.4,1.34,3.5
295342.15,3.35,2.5,24,229.0,1.28,3.0
427363.86,2.93,1.5,26,219.2,1.21,2.0
420747.22,3.69,2.0,21,193.1,1.45,2.5
180496.68,2.87,1.5,19,236.0,1.3,2.0
488583.95,3.33,2.0,23,218.1,1.49,2.5
248016.56,2.33,2.0,21,225.9,1.31,2.5
237987.4,4.49,2.0,28,194.6,1.38,2.5
329287.44,2.8,2.0,27,228.4,1.48,2.5
165931.25,2.02,2.5,22,217.9,1.29,3.0
495353.12,2.75,2.5,23,216.9,1.17,3.0
478926.32,3.56,1.5,22,226.7,1.2,2.0
482958.13,2.57,2.5,23,220.9,1.31,3.0
485736.32,2.16,2.0,21,210.8,1.23,2.5
381273.61,2.7,3.0,29,233.5,1.32,3.5
434455.21,4.39,1.5,25,211.7,1.33,2.0
273078.05,2.43,2.0,27,196.9,1.31,2.5
154137.07,2.32,1.5,18,196.8,1.27,2.0
293764.86,2.8,2.0,30,209.5,1.27,2.5
182399.87,2.41,2.5,18,211.0,1.35,3.0
282757.05,3.98,2.5,19,206.9,1.47,3.0
358038.94,4.23,1.5,27,206.9,1.12,2.0
312318.32,3.62,3.0,28,233.7,1.47,3.5
455164.51,4.01,1.5,18,238.4,1.48,2.0
214390.43,3.81,2.0,23,205.1,1.46,2.5
298452.43,3.19,2.5,27,209.7,1.33,3.0
263858.0,3.1,2.0,24,205.7,1.34,2.5
230268.5,2.81,2.5,30,215.0,1.22,3.0
313460.54,2.22,2.0,25,212.6,1.47,2.5
161704.41,2.34,2.5,19,217.0,1.22,3.0
180976.26,3.97,2.0,29,199.1,1.12,2.5
160836.72,2.45,2.5,18,198.7,1.21,3.0
437106.56,2.69,1.5,24,199.4,1.13,2.0
252434.47,3.07,1.5,28,228.3,1.35,2.0
452976.87,4.12,2.5,23,238.4,1.19,3.0
281537.61,3.97,2.5,27,217.8,1.38,3.0
494040.82,2.25,2.5,20,192.5,1.19,3.0
363767.23,3.61,3.0,24,223.9,1.35,3.5
244017.02,2.15,3.0,30,223.4,1.13,3.5
384888.44,3.82,2.0,18,230.9,1.4,2.5
256969.75,4.08,2.5,22,238.0,1.48,3.0
409014.52,4.06,1.5,24,229.8,1.48,2.0
436484.45,4.06,3.0,20,207.5,1.27,3.5
356843.3,2.74,2.5,29,230.6,1.21,3.0
155017.25,2.49,1.5,27,198.8,1.26,2.0
374622.95,2.21,2.0,19,219.1,1.24,2.5
469475.77,2.26,2.0,24,190.4,1.36,2.5
230023.09,2.93,1.5,18,202.3,1.25,2.0
433509.49,4.14,3.0,21,190.1,1.43,3.5
306243.89,2.14,1.5,18,212.9,1.46,2.0
225835.21,3.91,1.5,27,230.1,1.23,2.0
266356.69,2.5,2.0,29,194.1,1.34,2.5
272487.65,2.22,3.0,25,237.7,1.43,3.5
477616.03,2.27,1.5,27,208.3,1.12,2.0
348964.71,3.72,2.5,23,236.5,1.32,3.0
223008.54,4.23,2.0,19,191.8,1.15,2.5
181871.33,4.03,1.5,29,224.2,1.36,2.0
273593.93,3.71,3.0,26,210.1,1.44,3.5
307231.8,3.59,1.5,25,197.8,1.33,2.0
425582.06,3.55,2.0,19,209.6,1.35,2.5
358621.37,3.58,3.0,22,217.6,1.23,3.5
260050.48,2.7,2.5,28,194.4,1.35,3.0
422629.98,2.23,2.5,27,239.3,1.32,3.0
446453.9,4.17,2.0,21,218.1,1.33,2.5
161399.8,4.21,2.0,20,211.7,1.17,2.5
247540.88,3.42,2.0,23,233.3,1.29,2.5
368755.71,4.02,2.0,30,236.9,1.43,2.5
283185.98,2.58,1.5,26,225.6,1.16,2.0
473139.29,3.5,2.5,27,233.9,1.45,3.0
296607.32,2.43,2.5,19,212.8,1.15,3.0
406481.35,2.65,1.5,20,217.7,1.39,2.0
201272.36,3.46,1.5,29,201.3,1.11,2.0
225824.09,2.75,2.5,22,219.2,1.32,3.0
283917.32,4.09,3.0,21,196.0,1.24,3.5
197583.92,3.02,2.0,21,236.9,1.14,2.5
155867.15,3.8,2.5,18,229.4,1.49,3.0
321302.74,4.39,3.0,28,203.2,1.4,3.5
302862.53,3.48,2.0,20,220.7,1.43,2.5
310187.75,3.4,2.0,25,228.5,1.33,2.5
472410.03,2.27,3.0,30,214.1,1.1,3.5
171705.93,3.93,2.5,25,237.1,1.17,3.0
291221.3,2.22,2.5,25,196.2,1.45,3.0
430203.83,3.28,1.5,29,218.8,1.32,2.0
254214.66,3.59,1.5,19,201.6,1.36,2.0
454280.12,3.32,3.0,20,197.7,1.49,3.5
170035.81,4.09,1.5,19,228.0,1.49,2.0
242250.0,3.53,1.5,30,210.7,1.38,2.0
440769.93,2.12,2.5,28,201.6,1.18,3.0
367351.24,3.32,3.0,26,228.5,1.16,3.5
322843.53,3.6,1.5,24,225.5,1.35,2.0
229678.27,2.76,3.0,24,203.1,1.1,3.5
400744.44,2.07,3.0,30,228.7,1.43,3.5
156370.3,3.4,2.0,29,234.2,1.13,2.5
376751.28,2.82,2.5,22,210.8,1.34,3.0
158271.01,2.82,2.0,23,202.7,1.25,2.5
281490.55,2.35,3.0,25,222.7,1.16,3.5
460920.31,2.91,2.5,22,225.5,1.33,3.0
331403.33,3.84,1.5,30,211.6,1.32,2.0
447001.91,3.56,2.0,20,213.5,1.11,2.5
276640.38,2.98,3.0,27,192.1,1.45,3.5
444303.39,2.94,3.0,26,222.5,1.23,3.5
245885.67,2.78,2.0,20,215.4,1.23,2.5
346002.37,3.92,1.5,27,216.4,1.24,2.0
221666.37,3.82,2.5,25,214.7,1.21,3.0
244715.91,2.96,2.5,28,205.1,1.32,3.0
340687.19,3.02,3.0,19,221.3,1.44,3.5
371917.93,3.87,2.5,19,209.7,1.1,3.0
406141.54,3.02,2.0,20,229.0,1.3,2.5
175676.29,2.89,1.5,18,206.2,1.37,2.0
203600.92,3.22,3.0,26,225.5,1.17,3.5
460413.93,2.91,2.5,28,213.4,1.45,3.0
192317.44,3.42,2.0,29,199.3,1.45,2.5
371196.47,3.1,3.0,29,238.1,1.37,3.5
320832.27,2.85,2.0,19,194.4,1.4,2.5
363600.13,2.78,2.0,27,206.5,1.22,2.5
290702.53,2.79,3.0,21,212.1,1.24,3.5
413820.6,2.93,2.5,30,235.5,1.24,3.0
198620.88,4.09,3.0,20,231.3,1.42,3.5
410528.12,3.82,1.5,21,195.1,1.2,2.0
239697.03,4.03,3.0,19,210.8,1.25,3.5
288982.17,3.78,2.5,22,230.5,1.16,3.0
224067.52,3.48,2.0,24,215.0,1.29,2.5
297816.02,3.78,2.0,24,197.5,1.15,2.5
349663.37,4.46,3.0,27,230.2,1.41,3.5
468589.32,3.97,3.0,26,205.7,1.4,3.5
169978.96,3.27,2.0,20,208.8,1.43,2.5
185616.54,2.87,1.5,20,210.0,1.13,2.0
343413.9,3.92,3.0,18,224.3,1.13,3.5
378465.29,3.41,2.5,24,208.6,1.41,3.0
282810.41,2.19,3.0,29,191.4,1.16,3.5
429891.5,3.58,2.0,28,192.2,1.2,2.5
306137.61,3.14,2.5,23,197.8,1.37,3.0
366067.43,2.09,2.5,20,198.3,1.32,3.0
258746.83,2.29,3.0,19,208.0,1.37,3.5
362903.29,2.98,2.5,20,224.4,1.37,3.0
214933.97,2.06,1.5,22,220.9,1.29,2.0
293123.55,3.65,2.5,24,231.6,1.19,3.0
440754.07,4.29,3.0,21,222.1,1.42,3.5
449242.34,2.83,1.5,22,206.9,1.21,2.0
310198.0,2.2,2.5,24,224.6,1.24,3.0
416998.84,3.61,1.5,24,191.2,1.35,2.0
426615.04,3.77,2.5,29,215.7,1.45,3.0
330388.6,3.31,3.0,29,224.6,1.17,3.5
274926.16,2.4,2.0,19,194.7,1.33,2.5
158273.5,3.88,2.0,20,199.2,1.31,2.5
320352.54,3.87,1.5,21,225.2,1.47,2.0
305863.93,4.47,3.0,20,231.0,1.15,3.5
400861.57,3.56,3.0,24,202.9,1.33,3.5
419566.31,3.19,1.5,20,208.3,1.48,2.0
407816.25,3.05,2.5,20,239.8,1.31,3.0
169347.95,2.1,1.5,27,239.5,1.48,2.0
387457.15,2.38,3.0,28,206.1,1.46,3.5
443305.99,2.61,2.0,23,226.5,1.15,2.5
327067.54,4.06,2.0,22,221.4,1.19,2.5
197207.02,3.2,2.5,26,223.3,1.3,3.0
245420.25,2.21,2.5,22,202.1,1.41,3.0
495092.56,3.7,1.5,26,220.0,1.37,2.0
388931.15,3.02,1.5,20,238.8,1.46,2.0
402640.99,3.29,2.5,27,238.6,1.27,3.0
485790.1,2.51,2.0,21,194.9,1.49,2.5
371400.79,2.2,3.0,18,231.6,1.21,3.5
356216.84,2.08,1.5,27,236.2,1.22,2.0
426688.18,2.03,2.5,21,219.1,1.13,3.0
472178.09,4.25,2.0,22,214.6,1.19,2.5
303399.6,2.65,1.5,22,199.8,1.49,2.0
354572.35,4.15,1.5,20,205.3,1.29,2.0
215417.71,3.61,2.0,28,205.5,1.23,2.5
178726.12,4.19,2.5,18,204.0,1.31,3.0
189138.04,2.68,3.0,24,228.3,1.23,3.5
339898.34,2.42,3.0,24,195.4,1.16,3.5
265747.32,2.27,2.5,19,231.1,1.4,3.0
334878.24,3.4,2.5,21,225.5,1.13,3.0
464298.94,4.3,2.0,25,220.7,1.15,2.5
245018.69,3.27,1.5,19,196.2,1.33,2.0
219487.32,4.14,1.5,24,230.8,1.33,2.0
435097.03,3.89,2.0,24,194.9,1.25,2.5
263254.51,4.02,1.5,28,201.9,1.22,2.0
438080.01,2.88,2.5,20,199.8,1.37,3.0
360897.46,2.43,3.0,24,226.5,1.36,3.5
428999.51,3.73,2.0,23,205.5,1.25,2.5
413883.5,3.52,3.0,27,231.7,1.41,3.5
308219.65,2.27,2.5,20,208.5,1.26,3.0
389129.13,2.89,2.5,23,216.3,1.48,3.0
169968.0,4.33,2.5,24,229.3,1.11,3.0
382955.56,3.23,2.0,30,205.5,1.14,2.5
425831.58,3.97,2.0,26,239.8,1.32,2.5
361498.15,2.25,2.0,30,203.6,1.35,2.5
203226.26,4.23,3.0,24,237.0,1.29,3.5
167476.66,2.57,1.5,26,194.7,1.14,2.0
482141.51,3.74,1.5,22,215.6,1.3,2.0
392385.06,2.7,1.5,30,234.4,1.26,2.0
387459.61,2.77,2.5,20,220.5,1.48,3.0
369624.71,3.53,1.5,21,193.3,1.27,2.0
262779.09,4.11,2.5,20,192.6,1.21,3.0
269699.4,2.94,1.5,20,231.9,1.17,2.0
465450.25,4.33,2.0,24,224.9,1.17,2.5
274064.97,4.27,1.5,22,227.9,1.21,2.0
455894.85,2.11,1.5,28,231.1,1.14,2.0
156998.84,3.77,1.5,18,205.7,1.37,2.0
272506.76,3.93,2.5,28,197.7,1.42,3.0
299128.94,2.73,1.5,25,222.4,1.37,2.0
302919.84,4.31,2.5,23,215.6,1.44,3.0
449255.86,2.12,2.5,25,196.5,1.33,3.0
361824.04,4.49,1.5,25,231.3,1.26,2.0
468136.1,3.8,1.5,29,221.7,1.4,2.0
351945.57,2.13,2.0,29,227.7,1.41,2.5
384114.46,3.63,2.5,24,205.8,1.27,3.0
288511.55,2.79,2.0,27,230.0,1.49,2.5
154896.81,2.58,2.5,21,191.1,1.48,3.0
156478.88,3.81,2.5,24,209.4,1.22,3.0
445581.96,3.1,2.0,28,213.7,1.4,2.5
468341.34,3.27,1.5,24,226.3,1.28,2.0
412180.21,4.43,2.0,25,200.2,1.33,2.5
429209.85,4.27,3.0,25,231.0,1.29,3.5
481250.05,2.3,2.0,22,238.4,1.5,2.5
209789.26,3.62,2.0,23,196.0,1.35,2.5
442689.37,3.27,3.0,25,224.0,1.12,3.5
413168.95,2.42,3.0,22,193.0,1.22,3.5
456812.49,2.12,2.0,26,190.0,1.44,2.5
273917.66,4.2,1.5,29,233.0,1.1,2.0
172641.22,2.53,3.0,28,208.5,1.32,3.5
459644.53,2.24,2.5,27,213.6,1.24,3.0
267209.81,3.82,1.5,30,234.5,1.2,2.0
417140.85,4.39,2.5,27,231.0,1.21,3.0
223936.23,2.04,1.5,27,210.9,1.28,2.0
478502.31,3.71,1.5,19,197.7,1.29,2.0
398217.1,2.06,2.5,19,239.8,1.35,3.0
242599.92,3.47,3.0,23,224.9,1.36,3.5
282018.99,2.7,1.5,18,193.6,1.14,2.0
282453.15,4.46,2.0,22,233.6,1.48,2.5
355959.59,3.89,1.5,27,209.4,1.49,2.0
171363.44,2.63,1.5,28,201.1,1.22,2.0
291727.45,3.57,1.5,24,220.0,1.26,2.0
341154.44,3.7,2.0,20,214.5,1.27,2.5
311230.3,4.27,3.0,20,225.9,1.27,3.5
261484.58,4.13,2.0,24,209.0,1.23,2.5
289738.37,2.54,3.0,22,234.8,1.36,3.5
156500.68,2.88,3.0,23,217.1,1.15,3.5
443390.03,3.74,2.5,21,224.4,1.26,3.0
434243.57,3.61,3.0,24,201.7,1.33,3.5
499422.96,4.3,2.0,27,232.1,1.3,2.5
176633.1,3.78,2.0,20,197.4,1.2,2.5
314992.97,3.28,3.0,21,220.5,1.46,3.5
233186.36,3.89,2.0,18,204.8,1.31,2.5
321013.7,4.11,1.5,30,228.8,1.24,2.0
192303.07,2.36,2.5,26,207.3,1.22,3.0
478423.72,3.19,1.5,28,206.2,1.28,2.0
485265.75,2.64,3.0,26,208.1,1.34,3.5
310542.87,2.35,1.5,23,203.1,1.29,2.0
219039.62,3.59,2.5,20,197.7,1.39,3.0
367040.33,2.33,1.5,28,220.5,1.33,2.0
398501.08,4.44,1.5,23,233.3,1.15,2.0
155968.87,2.11,2.0,24,235.5,1.44,2.5
288801.21,2.46,3.0,30,194.1,1.41,3.5
461507.52,4.33,3.0,27,236.9,1.22,3.5
437174.25,4.09,2.0,22,197.7,1.25,2.5
379522.63,3.31,1.5,22,208.5,1.16,2.0
215493.04,3.26,2.0,23,205.9,1.25,2.5
261819.06,2.12,3.0,23,209.1,1.16,3.5
471360.24,4.36,2.0,28,227.4,1.5,2.5
385174.1,2.49,2.5,18,199.6,1.39,3.0
304262.45,3.23,2.5,26,202.8,1.27,3.0
477678.62,2.4,3.0,27,208.7,1.43,3.5
423236.18,3.83,2.0,30,199.7,1.1,2.5
360216.85,4.5,2.5,22,228.2,1.26,3.0
363755.36,2.15,3.0,21,215.1,1.29,3.5
376281.49,2.36,3.0,29,231.0,1.4,3.5
318452.65,4.44,3.0,21,200.3,1.47,3.5
281784.89,2.66,1.5,28,208.2,1.33,2.0
260782.34,3.9,2.0,29,215.9,1.26,2.5
184429.48,3.15,3.0,28,228.4,1.26,3.5
309199.27,4.27,3.0,22,199.2,1.49,3.5
191539.32,3.3,1.5,26,235.1,1.29,2.0
182053.14,2.38,2.5,18,199.3,1.27,3.0
180923.86,3.06,1.5,21,211.3,1.23,2.0
206425.22,2.32,2.0,22,215.4,1.19,2.5
442713.03,3.18,3.0,24,207.5,1.28,3.5
418574.69,2.75,2.0,18,231.3,1.42,2.5
477301.84,3.77,2.0,18,191.3,1.38,2.5
303042.72,3.66,3.0,23,213.0,1.41,3.5
419126.16,3.27,2.5,22,194.8,1.26,3.0
348021.5,2.34,1.5,27,198.9,1.16,2.0
210108.32,3.78,3.0,26,197.8,1.4,3.5
308699.27,4.34,2.0,23,223.4,1.46,2.5
336326.23,3.17,2.0,19,237.8,1.47,2.5
184227.5,3.83,3.0,27,225.5,1.1,3.5
396257.92,3.59,2.5,28,239.9,1.36,3.0
488563.78,3.78,2.5,21,204.0,1.14,3.0
155035.58,2.67,2.5,19,201.2,1.17,3.0
245910.17,4.2,1.5,18,214.4,1.39,2.0
308218.18,2.3,3.0,25,192.8,1.11,3.5
347001.68,2.5,3.0,28,194.0,1.25,3.5
410023.52,4.07,2.0,22,217.1,1.27,2.5
220209.63,2.7,3.0,25,212.2,1.49,3.5
291913.16,2.47,2.5,25,192.0,1.42,3.0
268849.13,4.2,1.5,22,232.7,1.25,2.0
487393.25,3.39,2.0,30,199.6,1.31,2.5
211133.99,2.1,2.5,30,230.5,1.31,3.0
490109.78,2.76,2.0,25,237.3,1.16,2.5
276761.85,2.25,3.0,20,204.6,1.33,3.5
497656.33,2.81,3.0,20,192.2,1.45,3.5
360047.71,3.63,3.0,29,238.7,1.31,3.5
238483.85,4.37,2.0,19,232.3,1.3,2.5
235542.47,4.47,2.0,23,224.5,1.19,2.5
258656.69,3.79,3.0,27,222.9,1.37,3.5
227335.74,2.12,2.0,24,191.9,1.38,2.5
177150.06,2.55,2.5,23,204.0,1.4,3.0
363047.54,3.46,2.0,23,217.0,1.41,2.5
485502.53,3.34,2.5,29,190.6,1.23,3.0
156720.89,3.27,1.5,20,218.0,1.17,2.0
444861.82,2.81,3.0,26,218.0,1.36,3.5
191217.97,2.53,1.5,23,210.0,1.28,2.0
400817.69,4.11,1.5,21,221.4,1.27,2.0
467188.2,2.81,2.0,25,235.1,1.19,2.5
416789.44,3.2,1.5,23,239.1,1.49,2.0
410964.91,2.49,1.5,25,193.6,1.25,2.0
150211.78,3.74,2.5,19,198.3,1.22,3.0
166440.39,2.82,3.0,22,206.0,1.47,3.5
271832.48,3.34,1.5,20,218.7,1.17,2.0
490054.56,3.5,2.5,20,195.1,1.23,3.0
498241.5,4.18,2.5,25,215.5,1.28,3.0
154238.43,2.54,1.5,18,213.1,1.31,2.0
334373.99,3.24,1.5,20,209.5,1.39,2.0
471888.49,2.72,2.5,30,234.0,1.17,3.0
206541.49,3.14,3.0,24,195.9,1.39,3.5
371621.06,4.41,2.0,24,226.6,1.43,2.5
410494.41,2.15,1.5,26,228.3,1.35,2.0
387444.04,2.24,1.5,22,214.6,1.26,2.0
171160.88,3.59,3.0,29,219.3,1.47,3.5
275987.56,3.49,2.0,30,239.1,1.48,2.5
215382.07,3.71,1.5,27,208.1,1.39,2.0
463216.52,2.28,2.5,19,221.6,1.19,3.0
461383.37,2.79,3.0,21,226.3,1.25,3.5
486328.19,2.61,1.5,30,224.6,1.35,2.0
370596.39,3.95,2.5,21,219.7,1.3,3.0
317057.07,2.38,2.5,22,201.1,1.17,3.0
325689.72,2.14,2.0,20,195.6,1.18,2.5
464117.71,4.33,2.0,20,190.7,1.5,2.5
352806.28,3.08,1.5,25,214.0,1.47,2.0
413910.08,4.05,2.0,30,197.1,1.34,2.5
489788.53,3.9,2.0,19,203.2,1.32,2.5
306219.6,4.0,2.5,24,210.7,1.47,3.0
363216.8,2.13,1.5,24,234.3,1.16,2.0
490760.27,2.07,2.0,23,239.2,1.34,2.5
225671.92,3.98,1.5,19,238.2,1.21,2.0
269202.81,2.53,3.0,26,232.1,1.47,3.5
433842.39,3.27,2.0,23,217.0,1.16,2.5
376750.44,2.9,1.5,20,203.6,1.45,2.0
408024.03,2.05,3.0,22,209.4,1.29,3.5
454095.44,3.13,3.0,28,205.0,1.47,3.5
405917.85,2.01,3.0,26,198.0,1.31,3.5
412408.07,2.33,1.5,26,236.8,1.34,2.0
192406.38,2.58,1.5,29,236.4,1.48,2.0
354880.84,2.23,3.0,29,202.5,1.13,3.5
485849.69,3.68,2.0,27,234.7,1.2,2.5
484633.97,4.18,2.5,25,194.2,1.25,3.0
270493.22,2.4,2.5,23,225.4,1.26,3.0
382420.3,3.32,2.5,28,206.9,1.21,3.0
225867.0,4.02,1.5,24,199.4,1.11,2.0
335149.7,4.14,3.0,26,198.0,1.45,3.5
175875.97,2.41,2.0,26,226.3,1.44,2.5
446246.48,2.35,2.5,18,220.6,1.3,3.0
470594.22,2.51,2.0,25,203.1,1.29,2.5
167646.21,2.86,2.5,29,200.9,1.43,3.0
407397.31,3.78,2.5,23,196.1,1.2,3.0
362416.5,3.28,3.0,25,198.0,1.37,3.5
462451.59,4.49,3.0,24,233.3,1.5,3.5
262129.0,2.22,3.0,27,191.3,1.41,3.5
318552.85,3.31,2.5,23,221.9,1.28,3.0
226506.2,3.32,2.0,27,232.8,1.49,2.5
379959.69,3.23,2.0,20,197.1,1.34,2.5
192389.72,3.21,3.0,26,231.2,1.4,3.5
171172.2,4.03,2.0,29,228.6,1.1,2.5
330886.38,4.46,2.0,24,194.2,1.42,2.5
360658.55,2.69,3.0,21,190.4,1.18,3.5
332448.95,3.36,3.0,28,193.6,1.43,3.5
159439.82,3.37,1.5,19,235.2,1.32,2.0
267578.1,2.85,2.5,23,206.9,1.25,3.0
330332.08,3.7,2.0,28,225.6,1.21,2.5
454347.32,2.02,3.0,18,237.8,1.16,3.5
198495.53,2.22,2.0,21,206.6,1.48,2.5
304264.73,2.82,3.0,23,225.2,1.21,3.5
490406.71,3.3,2.5,26,212.6,1.24,3.0
170543.59,2.89,1.5,22,190.3,1.47,2.0
177242.32,2.62,3.0,23,223.6,1.44,3.5
346982.01,2.49,3.0,27,230.4,1.26,3.5
243563.44,2.59,2.0,25,228.8,1.37,2.5
466671.59,3.75,3.0,28,199.9,1.44,3.5
353625.88,2.54,2.0,20,200.3,1.44,2.5
188638.99,3.18,3.0,26,199.1,1.38,3.5
259914.55,2.64,1.5,21,216.9,1.3,2.0
426869.9,2.43,3.0,23,221.1,1.36,3.5
393645.39,2.91,2.5,23,199.1,1.14,3.0
282763.12,2.31,2.0,26,232.2,1.13,2.5
293577.75,3.65,2.0,23,223.3,1.43,2.5
482931.96,2.5,3.0,29,226.3,1.41,3.5
166378.42,2.11,1.5,29,203.1,1.39,2.0
469845.6,4.19,2.0,22,214.2,1.37,2.5
336956.14,4.44,2.5,22,217.7,1.46,3.0
385437.5,3.41,2.0,22,193.7,1.26,2.5
330961.5,2.66,3.0,24,230.9,1.27,3.5
437382.74,4.31,2.5,24,207.2,1.36,3.0
498568.11,3.34,2.0,18,222.7,1.26,2.5
237896.48,2.02,3.0,26,238.1,1.11,3.5
290735.85,2.63,2.5,26,207.0,1.43,3.0
425176.6,2.86,2.5,24,200.0,1.16,3.0
165944.98,3.31,3.0,24,218.7,1.19,3.5
297301.17,2.06,1.5,20,236.7,1.32,2.0
340011.63,2.47,3.0,19,217.8,1.38,3.5
161775.72,4.37,2.5,26,191.6,1.33,3.0
476044.44,2.51,1.5,26,202.8,1.16,2.0
152088.79,2.49,1.5,20,208.8,1.32,2.0
285597.72,3.3,3.0,22,233.6,1.17,3.5
424936.59,3.25,3.0,18,231.4,1.17,3.5
166587.38,3.57,1.5,24,215.1,1.32,2.0
310211.47,2.06,2.5,22,230.1,1.37,3.0
345885.82,2.76,2.0,28,236.4,1.41,2.5
328816.16,2.1,3.0,24,199.1,1.23,3.5
269140.19,4.37,3.0,24,191.1,1.21,3.5
296616.02,3.2,2.5,28,202.8,1.18,3.0
403428.0,3.71,2.5,19,204.7,1.45,3.0
336204.54,2.17,2.5,20,235.8,1.49,3.0
452745.11,3.02,2.5,22,226.8,1.27,3.0
200567.62,3.27,1.5,18,217.5,1.17,2.0
172401.36,3.9,1.5,26,193.5,1.12,2.0
402058.49,4.07,3.0,29,206.3,1.41,3.5
491009.15,3.77,3.0,21,217.3,1.12,3.5
464053.73,3.8,2.0,21,218.3,1.47,2.5
409344.63,4.06,2.0,18,216.3,1.44,2.5
191471.83,3.32,1.5,20,220.4,1.22,2.0
162311.87,2.93,3.0,30,212.1,1.23,3.5
217349.19,2.96,2.5,26,192.9,1.4,3.0
400229.85,3.94,2.0,21,214.5,1.23,2.5
314282.4,3.02,3.0,30,214.6,1.34,3.5
239223.13,2.03,1.5,28,197.5,1.14,2.0
347445.14,3.28,2.0,27,197.5,1.48,2.5
405028.43,3.45,2.0,21,195.1,1.15,2.5
201809.78,2.72,2.0,29,202.2,1.27,2.5
492299.13,3.46,2.0,24,219.0,1.42,2.5
325404.82,3.94,2.0,23,200.3,1.47,2.5
161486.15,3.16,1.5,27,207.2,1.34,2.0
297201.94,2.79,1.5,21,200.8,1.31,2.0
305476.69,3.03,2.0,23,201.8,1.14,2.5
197723.0,2.2,3.0,25,215.4,1.37,3.5
163192.08,3.97,3.0,21,220.3,1.22,3.5
311439.09,4.21,2.5,23,199.2,1.48,3.0
312424.31,2.01,1.5,23,214.9,1.33,2.0
421772.11,2.96,1.5,27,196.6,1.2,2.0
246959.28,2.12,2.0,21,213.6,1.36,2.5
493397.45,2.23,2.0,26,213.3,1.14,2.5
299682.19,3.16,2.0,27,209.7,1.15,2.5
361790.49,3.95,3.0,25,230.3,1.16,3.5
218338.16,4.28,3.0,18,217.9,1.13,3.5
418850.96,3.58,2.0,21,195.4,1.27,2.5
428560.83,2.75,2.0,29,230.0,1.35,2.5
310767.84,3.67,2.0,18,194.5,1.47,2.5
423897.91,3.33,3.0,23,196.5,1.24,3.5
163506.78,3.18,1.5,18,209.7,1.33,2.0
378071.59,2.22,3.0,30,203.3,1.23,3.5
174103.38,3.43,3.0,19,206.8,1.18,3.5
461897.92,4.13,2.5,24,221.2,1.19,3.0
391989.31,2.27,2.0,22,220.9,1.37,2.5
233069.95,3.36,2.0,30,218.4,1.43,2.5
462886.13,2.22,1.5,20,223.3,1.27,2.0
317490.27,3.22,1.5,22,191.6,1.47,2.0
206420.58,3.88,2.5,23,206.5,1.13,3.0
272021.74,3.65,2.5,20,231.0,1.28,3.0
491573.96,3.56,2.0,21,226.9,1.25,2.5
231965.95,4.32,3.0,24,207.6,1.37,3.5
459117.72,4.16,1.5,22,191.3,1.42,2.0
358343.79,4.28,1.5,30,232.5,1.1,2.0
226284.86,3.06,1.5,19,209.2,1.34,2.0
444688.78,4.13,2.5,21,206.5,1.31,3.0
297491.35,3.09,2.0,20,204.8,1.26,2.5
353503.6,3.2,1.5,22,225.2,1.24,2.0
426122.86,2.79,1.5,22,218.2,1.16,2.0
484708.69,2.27,2.0,29,230.6,1.34,2.5
178832.47,2.75,1.5,28,223.5,1.4,2.0
202935.71,2.28,2.5,23,235.6,1.35,3.0
239406.11,2.34,2.0,23,235.0,1.17,2.5
246237.41,2.16,2.5,23,209.4,1.41,3.0
498828.53,4.01,2.0,25,194.6,1.48,2.5
213318.79,2.63,2.0,22,236.6,1.23,2.5
360891.38,3.73,2.0,29,226.9,1.25,2.5
497124.72,2.77,1.5,24,213.8,1.28,2.0
323592.65,3.71,2.5,21,224.5,1.45,3.0
447063.6,2.79,3.0,20,227.9,1.37,3.5
311091.37,4.05,2.0,27,198.9,1.15,2.5
272084.12,3.22,1.5,21,198.1,1.24,2.0
259042.43,2.2,3.0,18,227.6,1.49,3.5
493438.78,3.71,2.0,18,230.4,1.16,2.5
477713.6,3.8,2.5,25,218.6,1.29,3.0
354753.56,2.8,1.5,23,230.5,1.27,2.0
386009.78,2.35,3.0,18,237.3,1.5,3.5
397017.35,4.1,3.0,20,206.5,1.23,3.5
272204.6,2.62,2.0,18,193.6,1.22,2.5
410357.84,4.39,3.0,28,232.8,1.29,3.5
267987.43,3.25,1.5,22,219.4,1.46,2.0
392733.01,2.2,3.0,28,216.0,1.48,3.5
320086.21,4.21,3.0,28,198.4,1.29,3.5
306281.49,3.88,3.0,28,196.5,1.43,3.5
168221.69,2.21,2.0,28,232.5,1.16,2.5
388603.8,3.15,2.0,28,236.1,1.13,2.5
202115.09,3.76,3.0,30,197.8,1.39,3.5
377554.98,3.94,2.0,22,231.7,1.28,2.5
449133.41,3.39,2.5,29,197.8,1.18,3.0
282286.03,2.53,2.0,22,229.6,1.49,2.5
236978.16,4.13,2.5,20,198.4,1.42,3.0
460409.86,3.95,2.0,21,207.0,1.43,2.5
185150.24,2.16,3.0,25,200.5,1.35,3.5
219641.21,3.78,1.5,18,216.1,1.37,2.0
371978.99,4.08,1.5,22,218.1,1.41,2.0
416956.35,3.57,2.5,26,192.3,1.2,3.0
311105.74,3.06,3.0,30,213.9,1.12,3.5
421531.68,3.81,1.5,30,205.4,1.13,2.0
226475.52,2.12,2.5,18,237.8,1.46,3.0
435791.05,2.22,1.5,20,209.7,1.17,2.0
321217.97,2.61,2.5,23,229.1,1.42,3.0
306830.34,3.64,2.0,29,227.3,1.39,2.5
425135.62,3.68,2.0,28,238.0,1.4,2.5
266104.64,2.27,2.5,22,233.2,1.4,3.0
368514.44,2.41,2.0,22,222.2,1.46,2.5
414354.31,2.82,2.0,23,228.7,1.12,2.5
319460.13,2.89,2.0,29,224.1,1.47,2.5
306254.55,3.38,3.0,26,203.3,1.44,3.5
290657.32,3.47,2.0,20,228.6,1.29,2.5
255049.18,2.92,1.5,20,204.1,1.25,2.0
259631.6,3.33,3.0,25,238.4,1.33,3.5
381537.12,2.04,3.0,21,235.9,1.22,3.5
178888.62,3.44,2.0,20,233.7,1.47,2.5
351722.82,3.92,1.5,27,201.8,1.27,2.0
370837.21,3.9,2.5,26,215.3,1.22,3.0
304130.15,4.21,1.5,20,211.1,1.43,2.0
378238.04,3.01,1.5,28,210.9,1.46,2.0
324658.83,3.38,2.5,26,201.0,1.21,3.0
281790.49,2.88,3.0,27,195.9,1.33,3.5
179910.44,2.95,1.5,28,235.8,1.47,2.0
426589.92,2.6,2.0,20,222.9,1.28,2.5
250027.12,2.89,1.5,19,238.7,1.22,2.0
240126.1,3.67,1.5,22,197.6,1.35,2.0
459301.6,2.98,2.5,30,221.2,1.41,3.0
451650.17,3.83,2.0,20,231.0,1.33,2.5
270811.11,2.47,2.0,25,204.3,1.45,2.5
248225.4,4.35,3.0,19,224.2,1.47,3.5
456326.06,4.33,3.0,23,213.9,1.28,3.5
418624.53,4.07,2.5,22,194.4,1.48,3.0
224848.22,2.36,2.5,28,211.3,1.2,3.0
242853.55,4.0,2.5,19,236.0,1.18,3.0
447061.89,2.43,2.0,29,237.7,1.15,2.5
350255.01,2.99,2.5,23,195.2,1.45,3.0
194735.46,3.45,2.0,26,223.0,1.25,2.5
239102.66,3.58,2.0,22,228.3,1.33,2.5
338012.3,3.84,2.0,26,213.9,1.48,2.5
396410.1,4.47,3.0,22,226.9,1.44,3.5
276029.92,2.82,3.0,21,226.0,1.15,3.5
435608.82,2.26,1.5,18,233.0,1.16,2.0
170331.09,3.54,2.0,25,228.7,1.26,2.5
477133.66,2.01,2.5,21,202.4,1.37,3.0
336814.74,2.41,1.5,24,202.2,1.45,2.0
423704.85,3.83,3.0,19,202.4,1.22,3.5
165773.1,3.43,1.5,21,209.4,1.46,2.0
210960.68,2.91,3.0,18,238.9,1.26,3.5
489214.48,2.64,2.5,28,239.5,1.42,3.0
219533.49,3.93,2.0,29,231.2,1.13,2.5
374234.83,4.24,2.5,30,199.9,1.35,3.0
339047.01,3.73,3.0,22,208.1,1.4,3.5
302968.13,3.6,2.0,24,213.5,1.46,2.5
341681.6,3.95,2.5,24,221.0,1.14,3.0
336298.62,3.27,1.5,19,214.9,1.24,2.0
400846.08,3.66,2.5,21,210.9,1.48,3.0
485323.1,2.68,2.0,18,229.9,1.36,2.5
224885.45,2.02,2.0,18,233.6,1.33,2.5
466529.77,3.47,3.0,30,214.7,1.34,3.5
413019.78,2.29,3.0,28,227.7,1.16,3.5
394822.4,3.54,1.5,21,239.2,1.18,2.0
265093.89,2.11,2.0,28,224.2,1.15,2.5
464644.9,3.52,3.0,30,207.4,1.49,3.5
495263.01,2.61,2.5,24,190.5,1.33,3.0
378512.66,2.21,2.0,19,221.0,1.19,2.5
430590.27,4.29,1.5,28,230.9,1.45,2.0
227524.21,3.38,2.5,30,209.0,1.2,3.0
266770.96,2.68,2.5,19,211.6,1.46,3.0
310508.33,2.26,2.5,30,224.5,1.4,3.0
483473.44,2.29,3.0,24,215.8,1.43,3.5
341337.08,3.34,3.0,24,219.5,1.13,3.5
400299.13,4.48,1.5,25,239.0,1.14,2.0
236692.73,3.08,2.5,23,203.5,1.27,3.0
354553.99,4.24,2.0,29,226.4,1.45,2.5
418845.19,2.76,3.0,25,193.8,1.16,3.5
335712.89,2.74,3.0,29,192.1,1.23,3.5
483102.33,2.47,2.0,22,217.7,1.24,2.5
448836.09,3.54,3.0,30,215.1,1.49,3.5
410438.48,3.81,2.5,18,219.6,1.15,3.0
343662.13,2.08,3.0,27,191.1,1.11,3.5
457393.4,2.2,1.5,22,225.8,1.32,2.0
302150.86,3.94,3.0,19,201.5,1.34,3.5
440012.24,4.12,2.0,20,213.8,1.33,2.5
393445.11,2.01,2.0,26,212.2,1.21,2.5
261987.65,4.31,2.5,30,214.3,1.3,3.0
256660.53,3.14,1.5,26,233.6,1.45,2.0
196754.93,3.71,3.0,24,215.4,1.15,3.5
475663.67,4.12,2.5,30,205.6,1.46,3.0
150180.59,2.1,2.5,25,236.2,1.15,3.0
493384.58,4.08,2.5,19,222.2,1.21,3.0
275681.13,4.43,2.0,26,192.9,1.11,2.5
330956.45,2.01,2.5,26,201.4,1.29,3.0
210453.68,4.39,2.0,23,195.6,1.17,2.5
340328.31,2.6,2.5,22,234.0,1.5,3.0
399867.5,3.24,3.0,27,192.7,1.44,3.5
303652.95,3.69,2.5,27,211.0,1.19,3.0
183078.65,2.71,1.5,24,232.0,1.21,2.0
403692.21,3.47,3.0,22,193.8,1.38,3.5
345665.04,3.91,3.0,28,194.4,1.48,3.5
223134.75,2.23,2.5,22,211.4,1.44,3.0
457475.47,2.9,1.5,29,234.4,1.43,2.0
442483.53,2.64,3.0,25,225.4,1.46,3.5
381289.4,2.53,2.0,20,216.3,1.46,2.5
460148.51,2.96,2.5,26,231.8,1.27,3.0
262661.96,2.12,3.0,27,207.9,1.21,3.5
351164.43,3.15,1.5,30,201.9,1.29,2.0
432545.05,3.13,1.5,22,207.7,1.36,2.0
384100.08,2.94,2.5,25,210.2,1.31,3.0
288213.33,3.06,2.5,27,219.2,1.44,3.0
425758.26,3.59,3.0,18,203.4,1.22,3.5
490372.27,2.78,2.5,29,230.1,1.48,3.0
315232.93,2.56,1.5,22,231.3,1.38,2.0
196462.42,2.72,3.0,30,231.8,1.17,3.5
261995.32,2.35,1.5,21,220.3,1.29,2.0
164715.02,2.39,2.5,23,192.8,1.32,3.0
398747.8,2.57,2.5,30,238.5,1.26,3.0
313189.22,4.27,1.5,21,238.7,1.42,2.0
190346.0,2.52,1.5,19,230.0,1.5,2.0
288007.17,3.96,3.0,22,216.9,1.12,3.5
243192.09,3.89,2.0,19,200.8,1.5,2.5
248336.26,2.34,2.0,19,204.0,1.48,2.5
218479.73,2.28,2.0,18,229.6,1.19,2.5
499571.97,3.26,2.0,21,202.4,1.37,2.5
256455.4,2.98,1.5,25,234.9,1.37,2.0
221195.12,2.98,1.5,29,222.3,1.42,2.0
362010.43,2.55,2.0,18,239.9,1.22,2.5
275555.83,3.67,2.5,28,238.5,1.22,3.0
406349.29,3.85,3.0,19,229.3,1.16,3.5
214237.59,4.27,1.5,19,210.7,1.47,2.0
447195.76,3.27,2.5,28,196.0,1.3,3.0
375635.11,3.63,1.5,18,235.8,1.47,2.0
375716.05,2.3,2.5,21,194.8,1.25,3.0
419804.93,4.26,3.0,26,192.8,1.26,3.5
404686.08,2.91,2.5,25,220.5,1.41,3.0
170528.13,2.04,3.0,23,199.9,1.26,3.5
307632.42,2.21,2.0,19,228.1,1.1,2.5
410206.1,3.85,2.5,19,222.6,1.42,3.0
473504.63,3.11,2.0,23,238.1,1.19,2.5
409109.8,4.36,2.5,20,238.2,1.17,3.0
230154.68,4.43,2.5,25,229.4,1.49,3.0
171124.78,3.38,1.5,20,203.1,1.17,2.0
293861.04,3.13,1.5,28,222.3,1.39,2.0
226992.51,4.16,2.0,19,226.7,1.49,2.5
497453.05,3.66,2.0,22,226.2,1.14,2.5
444491.45,4.29,2.0,21,227.8,1.18,2.5
357470.83,2.02,1.5,29,231.9,1.16,2.0
309725.79,4.39,3.0,20,215.7,1.12,3.5
458708.48,3.27,3.0,25,220.4,1.23,3.5
436366.59,2.28,2.0,23,201.7,1.41,2.5
243512.96,4.25,1.5,26,227.3,1.17,2.0
167430.99,3.04,3.0,30,196.3,1.22,3.5
430572.06,2.84,1.5,22,224.3,1.22,2.0
297082.18,3.36,2.0,24,227.1,1.17,2.5
471757.59,4.45,2.0,27,209.9,1.27,2.5
181810.94,2.18,3.0,22,221.9,1.22,3.5
394870.22,3.55,1.5,27,211.7,1.42,2.0
213852.68,4.22,2.0,20,190.9,1.48,2.5
243413.27,2.65,2.5,30,198.5,1.11,3.0
371371.24,2.11,3.0,30,236.9,1.37,3.5
301917.52,2.11,3.0,19,198.9,1.19,3.5
462036.35,2.06,2.5,19,198.6,1.23,3.0
158578.1,3.3,2.5,20,238.8,1.34,3.0
380032.3,4.06,1.5,24,220.8,1.49,2.0
351124.25,3.9,2.0,19,200.2,1.29,2.5
347710.51,3.21,1.5,19,205.2,1.33,2.0
417553.58,3.15,3.0,20,234.7,1.48,3.5
443168.29,3.04,1.5,19,236.5,1.38,2.0
302784.5,4.42,2.5,20,237.0,1.17,3.0
456658.93,3.93,2.5,18,238.0,1.41,3.0
195257.69,4.19,3.0,18,236.6,1.38,3.5
233085.2,3.16,1.5,27,227.9,1.15,2.0
450484.29,3.18,1.5,23,199.9,1.39,2.0
387438.76,2.39,2.0,19,234.9,1.23,2.5
196352.05,3.72,2.0,29,207.8,1.49,2.5
373377.11,3.3,2.0,24,190.0,1.46,2.5
360764.56,4.04,1.5,21,208.1,1.19,2.0
336525.33,2.1,2.5,26,191.7,1.34,3.0
365915.3,3.44,1.5,22,197.4,1.15,2.0
197156.63,3.53,2.0,21,223.3,1.19,2.5
190026.75,2.68,2.0,22,236.4,1.23,2.5
449405.42,3.5,2.5,21,239.1,1.3,3.0
163308.93,3.26,2.5,25,217.9,1.16,3.0
291001.58,3.75,2.0,18,235.5,1.32,2.5
193517.25,3.58,2.5,18,226.3,1.49,3.0
162340.24,2.02,2.5,25,209.8,1.33,3.0
482920.2,3.3,2.5,24,204.1,1.27,3.0
439039.75,2.42,2.0,19,214.5,1.11,2.5
403422.15,3.26,2.0,27,223.4,1.31,2.5
232005.12,3.87,1.5,28,196.8,1.3,2.0
162859.55,3.03,1.5,27,219.7,1.23,2.0
263067.09,2.14,2.0,26,214.7,1.43,2.5
468921.27,2.34,3.0,19,212.3,1.42,3.5
454934.75,3.88,2.0,20,237.6,1.11,2.5
303295.94,2.82,1.5,26,206.0,1.12,2.0
430194.22,2.44,2.0,30,214.6,1.21,2.5
466163.21,2.15,2.5,25,204.8,1.35,3.0
216429.87,3.54,3.0,22,211.7,1.48,3.5
345688.96,3.11,1.5,19,212.8,1.34,2.0
364329.12,2.07,3.0,20,215.0,1.33,3.5
397357.57,2.56,3.0,29,198.8,1.11,3.5
418883.61,3.08,2.5,19,225.1,1.41,3.0
163923.02,2.58,3.0,27,234.3,1.41,3.5
224216.21,3.13,3.0,26,213.1,1.24,3.5
246287.22,2.66,2.5,20,214.1,1.25,3.0
370337.06,2.96,3.0,29,228.8,1.16,3.5
241006.1,2.38,3.0,22,233.4,1.26,3.5
368239.47,4.49,2.5,29,208.6,1.47,3.0
400517.77,3.11,1.5,19,237.7,1.32,2.0
255216.14,3.25,2.0,24,190.6,1.28,2.5
461883.73,2.74,3.0,18,206.5,1.28,3.5
289744.0,3.59,1.5,29,225.4,1.2,2.0
499947.78,2.19,2.0,20,194.0,1.24,2.5
402007.39,3.01,2.0,18,232.3,1.38,2.5
162052.83,2.82,2.5,24,239.9,1.1,3.0
353943.45,2.69,1.5,24,195.6,1.42,2.0
429473.49,2.87,3.0,22,192.3,1.38,3.5
374192.69,3.45,2.0,22,219.2,1.12,2.5
196238.02,3.13,1.5,21,196.7,1.11,2.0
236074.71,3.13,2.0,23,215.0,1.12,2.5
373286.01,2.13,2.5,24,206.1,1.35,3.0
226917.42,3.38,1.5,27,236.8,1.15,2.0
305657.58,2.65,2.0,25,204.6,1.15,2.5
244060.59,2.32,2.5,21,215.7,1.25,3.0
486228.75,4.42,1.5,26,220.3,1.48,2.0
223557.14,3.92,2.0,19,211.6,1.44,2.5
227168.51,3.52,2.0,30,238.7,1.38,2.5
302401.37,2.72,3.0,18,230.9,1.4,3.5
227075.64,4.19,3.0,22,206.8,1.19,3.5
403399.45,2.74,3.0,29,217.8,1.45,3.5
425113.85,3.84,2.0,20,237.9,1.12,2.5
378180.24,4.18,2.0,29,224.5,1.24,2.5
203065.54,4.02,2.5,22,193.1,1.29,3.0
263547.78,3.54,3.0,29,197.9,1.32,3.5
461398.81,3.57,1.5,29,208.4,1.24,2.0
332514.58,3.92,1.5,21,236.3,1.1,2.0
493912.44,2.58,2.0,30,217.4,1.33,2.5
363556.92,2.37,2.0,20,224.4,1.32,2.5
360994.05,3.94,2.0,23,220.2,1.18,2.5
490916.78,3.55,1.5,28,203.1,1.13,2.0
473327.51,3.46,1.5,28,235.8,1.42,2.0
475800.62,3.37,3.0,20,238.3,1.38,3.5
221315.77,4.14,1.5,19,218.5,1.43,2.0
483818.92,3.02,3.0,23,229.4,1.24,3.5
279916.18,2.9,2.0,25,206.1,1.11,2.5
485197.24,3.23,2.5,29,232.1,1.21,3.0
388560.71,3.39,2.5,19,191.1,1.24,3.0
260796.14,3.82,3.0,30,234.5,1.3,3.5
167318.67,3.26,3.0,27,233.7,1.46,3.5
263089.79,2.26,1.5,28,193.4,1.2,2.0
357004.8,2.66,2.0,23,211.0,1.18,2.5
227558.38,2.09,3.0,25,221.4,1.38,3.5
470759.23,3.52,3.0,19,190.7,1.47,3.5
304843.62,4.26,1.5,26,228.7,1.37,2.0
456463.78,4.24,3.0,27,224.2,1.22,3.5
348251.92,2.39,3.0,18,231.6,1.39,3.5
324102.41,3.72,1.5,20,221.3,1.48,2.0
257927.6,2.22,2.0,24,207.3,1.42,2.5
456471.6,2.22,2.5,25,221.3,1.38,3.0
337324.63,3.57,3.0,18,212.8,1.36,3.5
327723.56,3.02,1.5,28,199.3,1.5,2.0
403101.81,2.48,2.5,27,231.7,1.2,3.0
365327.71,3.93,3.0,25,203.7,1.19,3.5
229670.93,3.35,2.5,18,221.0,1.11,3.0
331844.07,3.01,2.5,21,200.1,1.41,3.0
354350.02,3.49,3.0,29,215.9,1.18,3.5
161623.73,2.01,2.5,22,206.7,1.35,3.0
408666.12,4.06,3.0,24,234.6,1.16,3.5
373925.58,4.47,2.5,26,238.4,1.32,3.0
181087.41,4.17,1.5,21,194.2,1.41,2.0
439955.67,3.15,3.0,22,209.2,1.3,3.5
432612.26,4.16,3.0,29,223.5,1.41,3.5
248870.45,2.72,3.0,30,217.2,1.22,3.5
200932.5,2.98,3.0,30,200.9,1.27,3.5
250489.98,4.43,2.5,23,212.7,1.25,3.0
373609.24,3.02,2.5,23,205.3,1.38,3.0
159300.58,3.85,1.5,19,216.4,1.24,2.0
402313.79,3.62,3.0,18,202.2,1.42,3.5
346056.49,2.68,2.5,29,206.0,1.4,3.0
433886.66,3.73,2.5,27,211.2,1.5,3.0
406175.18,2.83,2.5,26,201.6,1.45,3.0
319807.1,2.41,2.0,26,233.4,1.19,2.5
318395.07,3.41,1.5,19,232.8,1.12,2.0
451228.31,4.05,1.5,23,232.3,1.4,2.0
420651.52,4.17,1.5,29,235.4,1.3,2.0
268110.24,4.05,2.5,20,198.0,1.48,3.0
464529.57,2.81,2.0,21,216.4,1.48,2.5
304528.76,3.87,3.0,26,213.4,1.23,3.5
498382.3,3.92,1.5,26,192.0,1.21,2.0
403864.33,4.48,1.5,28,193.0,1.4,2.0
208226.86,2.41,1.5,21,206.5,1.18,2.0
244929.57,2.33,2.5,25,237.2,1.48,3.0
174587.45,3.82,1.5,29,234.9,1.39,2.0
254713.39,2.03,3.0,23,227.4,1.22,3.5
381615.65,2.51,2.0,20,215.1,1.42,2.5
170359.53,4.0,2.0,26,231.5,1.31,2.5
310144.58,2.52,2.0,29,196.2,1.21,2.5
299816.91,2.45,2.0,24,234.6,1.31,2.5
274253.53,2.55,3.0,23,217.8,1.15,3.5
347740.87,3.08,3.0,19,229.7,1.31,3.5
213024.63,3.7,2.5,29,217.3,1.21,3.0
181033.04,2.36,2.5,25,198.4,1.23,3.0
357619.71,2.99,3.0,21,238.5,1.22,3.5
335121.93,3.36,1.5,30,190.2,1.46,2.0
261012.94,2.15,3.0,23,203.1,1.41,3.5
177699.21,3.74,1.5,24,201.5,1.41,2.0
356422.35,3.24,1.5,21,233.8,1.37,2.0
313006.69,3.5,1.5,23,193.2,1.11,2.0
162427.86,4.11,2.5,18,203.1,1.26,3.0
223979.09,3.62,2.5,30,191.5,1.19,3.0
416116.2,2.61,1.5,28,217.5,1.22,2.0
377802.44,3.31,2.0,22,236.4,1.38,2.5
250281.56,2.2,3.0,26,217.6,1.26,3.5
232605.85,2.6,1.5,21,191.7,1.25,2.0
437787.05,3.04,2.5,25,237.4,1.43,3.0
316767.51,3.64,2.0,28,195.1,1.3,2.5
259949.2,2.76,2.5,23,219.7,1.23,3.0
366857.58,4.4,3.0,24,212.8,1.36,3.5
293165.14,2.77,3.0,23,228.0,1.26,3.5
386934.7,2.72,2.0,21,206.1,1.11,2.5
194147.17,2.39,1.5,27,221.9,1.5,2.0
405046.05,2.19,1.5,27,192.7,1.13,2.0
160051.12,2.22,3.0,18,235.8,1.24,3.5
195792.1,4.4,1.5,24,199.4,1.39,2.0
441433.15,2.69,2.0,20,225.8,1.36,2.5
496067.44,3.21,3.0,30,210.4,1.19,3.5
294523.15,2.29,3.0,26,238.8,1.32,3.5
342423.43,2.7,2.0,30,215.7,1.2,2.5
457420.11,3.99,1.5,30,209.9,1.34,2.0
454127.74,2.51,2.5,22,233.4,1.21,3.0
263945.42,2.31,3.0,28,201.3,1.28,3.5
295619.91,2.68,2.0,28,229.0,1.3,2.5
498481.09,4.32,2.5,29,227.3,1.3,3.0
342307.77,3.24,2.5,25,230.2,1.22,3.0
320439.78,2.59,2.0,27,226.2,1.24,2.5
345183.05,4.49,2.5,21,229.5,1.29,3.0
219618.0,2.68,1.5,29,218.2,1.37,2.0
168200.64,3.36,1.5,20,230.0,1.18,2.0
246426.89,2.55,2.0,23,230.3,1.16,2.5
279504.92,3.98,2.0,28,227.3,1.42,2.5
162780.71,2.79,1.5,28,204.3,1.22,2.0
451455.24,2.26,1.5,24,192.9,1.31,2.0
313957.18,4.41,1.5,24,198.8,1.2,2.0
175837.48,3.06,1.5,21,212.1,1.2,2.0
473308.87,2.23,1.5,19,224.1,1.35,2.0
277971.25,3.67,3.0,30,220.7,1.18,3.5
315822.02,3.48,2.5,21,202.8,1.35,3.0
289643.92,4.03,1.5,21,197.8,1.28,2.0
223393.94,4.43,3.0,30,235.7,1.16,3.5
484199.56,2.5,1.5,22,239.3,1.4,2.0
218586.72,3.33,1.5,20,213.6,1.37,2.0
250244.64,3.18,2.0,27,229.0,1.19,2.5
401192.65,3.18,2.0,21,232.3,1.31,2.5
242210.59,3.86,1.5,22,191.7,1.16,2.0
223207.21,3.46,1.5,30,206.7,1.49,2.0
297123.09,2.92,1.5,29,227.6,1.44,2.0
409211.45,4.15,2.5,25,232.1,1.39,3.0
289236.55,3.48,2.5,28,198.4,1.49,3.0
290630.36,3.53,2.0,26,227.2,1.2,2.5
483162.2,4.18,1.5,23,212.1,1.38,2.0
423778.5,2.3,2.0,24,206.6,1.32,2.5
172208.73,2.92,2.5,29,214.6,1.16,3.0
277898.64,2.83,2.0,24,236.3,1.19,2.5
393241.24,2.65,1.5,22,207.0,1.15,2.0
412256.62,3.13,3.0,18,238.7,1.12,3.5
303970.7,3.35,2.0,28,231.1,1.36,2.5
160440.61,3.03,2.5,18,236.2,1.37,3.0
323472.48,2.54,3.0,23,232.6,1.31,3.5
233321.13,4.36,3.0,27,197.4,1.43,3.5
252006.64,3.65,2.0,25,233.1,1.11,2.5
399489.32,2.64,2.5,27,223.1,1.35,3.0
275593.53,4.5,2.0,22,235.8,1.2,2.5
469192.47,3.9,2.0,23,239.1,1.39,2.5
157925.33,2.22,2.0,24,206.0,1.43,2.5
479101.24,4.31,2.5,28,237.6,1.1,3.0
336417.97,2.95,2.0,18,208.0,1.16,2.5
288502.93,2.02,2.5,29,239.3,1.42,3.0
162813.66,2.68,1.5,29,232.3,1.21,2.0
472358.92,4.27,2.0,28,237.9,1.35,2.5
326144.63,2.18,3.0,26,217.9,1.16,3.5
188243.85,3.82,2.0,28,213.6,1.45,2.5
215036.18,3.22,2.5,26,230.4,1.38,3.0
186883.51,3.15,2.0,28,212.8,1.13,2.5
317411.91,3.41,3.0,22,208.8,1.25,3.5
379032.14,3.0,2.5,27,220.0,1.19,3.0
369867.92,2.66,1.5,21,215.8,1.21,2.0
183388.81,3.77,2.0,29,225.1,1.15,2.5
275781.58,3.0,2.0,26,230.4,1.19,2.5
483306.96,3.66,1.5,25,236.8,1.24,2.0
285381.97,2.32,2.0,29,223.1,1.28,2.5
237403.59,2.16,2.5,26,221.1,1.41,3.0
446102.33,3.94,1.5,18,207.1,1.42,2.0
152675.33,3.73,2.0,28,208.6,1.17,2.5
432625.89,4.47,2.0,25,231.8,1.35,2.5
456194.88,3.99,1.5,27,204.2,1.14,2.0
302885.67,3.65,2.0,18,214.7,1.16,2.5
315228.26,3.34,3.0,25,200.8,1.17,3.5
158088.94,2.19,3.0,28,199.6,1.35,3.5
451686.53,2.97,2.0,25,237.6,1.35,2.5
269070.92,2.31,2.5,28,233.9,1.46,3.0
373090.6,4.24,3.0,21,209.5,1.16,3.5
197933.68,2.31,2.5,29,192.3,1.41,3.0
413158.05,3.44,3.0,21,213.5,1.37,3.5
440214.78,3.85,2.0,21,209.0,1.21,2.5
386322.81,3.82,2.5,23,209.5,1.14,3.0
479027.84,3.45,2.5,24,208.9,1.39,3.0
228076.01,4.26,2.0,20,225.8,1.18,2.5
442114.56,3.08,2.0,23,196.5,1.38,2.5
457298.05,3.94,3.0,22,229.6,1.13,3.5
490195.12,2.33,2.0,29,200.5,1.12,2.5
497093.04,4.13,3.0,30,193.8,1.38,3.5
194641.35,3.35,3.0,18,219.4,1.33,3.5
205476.64,3.07,3.0,19,192.6,1.37,3.5
258662.86,2.19,2.0,19,206.6,1.4,2.5
154117.11,4.18,1.5,20,217.7,1.13,2.0
161960.02,2.45,3.0,29,199.8,1.26,3.5
219619.87,2.01,1.5,19,227.6,1.16,2.0
278006.0,2.77,3.0,26,217.0,1.41,3.5
189702.37,2.12,2.5,18,223.1,1.18,3.0
264171.75,3.06,2.5,24,193.5,1.34,3.0
397841.36,3.0,2.5,28,220.4,1.35,3.0
473772.31,3.64,2.5,26,238.6,1.46,3.0
393429.6,2.98,2.5,28,191.9,1.49,3.0
463148.98,3.38,2.0,26,210.7,1.11,2.5
167553.74,2.84,1.5,21,208.7,1.44,2.0
173851.32,3.12,3.0,25,207.9,1.45,3.5
369113.77,3.26,2.0,19,190.4,1.14,2.5
297424.14,3.58,1.5,29,204.8,1.33,2.0
174147.61,2.2,1.5,19,194.5,1.47,2.0
343978.37,2.81,2.5,25,230.7,1.27,3.0
424067.64,3.08,2.5,26,199.2,1.15,3.0
205082.82,3.42,1.5,27,207.4,1.29,2.0
387293.91,3.44,2.0,23,214.6,1.28,2.5
451374.8,2.01,1.5,24,237.3,1.41,2.0
169646.75,2.02,2.0,21,216.1,1.47,2.5
192223.98,4.48,2.5,18,202.4,1.17,3.0
418437.88,4.0,2.0,25,217.9,1.35,2.5
319632.42,2.32,2.5,22,207.0,1.3,3.0
245997.11,2.79,2.5,18,221.4,1.28,3.0
384716.93,2.05,3.0,23,215.4,1.13,3.5
289914.17,2.52,3.0,25,223.4,1.28,3.5
482314.05,2.37,3.0,23,201.8,1.19,3.5
478808.66,4.32,1.5,26,223.4,1.19,2.0
466757.78,3.22,2.5,22,224.5,1.18,3.0
310169.07,2.72,2.0,19,239.8,1.12,2.5
164505.91,2.51,2.0,20,205.0,1.32,2.5
270956.78,2.14,2.0,22,232.9,1.45,2.5
377243.31,3.62,2.5,21,212.5,1.39,3.0
451566.49,2.83,3.0,28,190.4,1.38,3.5
188460.66,2.64,1.5,28,238.5,1.25,2.0
490847.29,2.67,2.0,28,230.8,1.16,2.5
281732.32,3.11,1.5,27,205.7,1.13,2.0
473772.02,2.81,3.0,28,226.5,1.27,3.5
173000.63,2.59,1.5,24,193.5,1.39,2.0
191512.2,2.09,2.5,30,215.6,1.29,3.0
476807.46,2.42,1.5,23,202.6,1.27,2.0
377626.65,3.16,2.5,24,217.0,1.23,3.0
423269.74,3.34,3.0,28,205.7,1.43,3.5
478731.46,3.1,2.0,26,190.2,1.22,2.5
286577.61,3.57,1.5,25,239.3,1.14,2.0
418378.64,3.34,2.5,25,210.2,1.18,3.0
164996.74,3.57,1.5,24,214.5,1.47,2.0
201141.4,4.12,1.5,29,203.3,1.3,2.0
457313.59,4.25,2.5,22,219.2,1.23,3.0
151081.26,3.09,2.0,18,226.3,1.11,2.5
238948.96,2.89,1.5,29,233.5,1.31,2.0
304411.73,4.26,1.5,21,196.1,1.42,2.0
157977.36,4.46,1.5,28,215.7,1.49,2.0
399824.99,2.06,1.5,28,231.1,1.15,2.0
495206.53,2.39,2.5,20,207.0,1.28,3.0
308632.17,3.91,2.0,29,221.5,1.17,2.5
213834.75,3.6,1.5,24,234.4,1.35,2.0
318098.17,2.84,2.0,27,199.4,1.13,2.5
367343.4,3.02,2.0,22,226.3,1.4,2.5
356224.2,3.21,3.0,18,197.3,1.36,3.5
429031.54,4.09,1.5,25,233.1,1.28,2.0
488051.17,3.34,2.5,26,236.1,1.39,3.0
192442.33,2.14,3.0,28,192.3,1.32,3.5
455649.9,3.73,2.0,30,228.7,1.4,2.5
287753.86,2.68,1.5,25,203.2,1.47,2.0
168912.06,4.25,1.5,27,226.4,1.26,2.0
349911.87,4.04,2.0,27,202.8,1.17,2.5
402255.03,2.75,3.0,20,209.1,1.36,3.5
309991.86,4.5,1.5,20,196.5,1.23,2.0
176860.61,3.84,3.0,18,206.1,1.28,3.5
259423.74,2.18,1.5,20,202.2,1.16,2.0
376741.12,3.45,2.5,23,201.1,1.36,3.0
260195.02,3.12,3.0,27,236.6,1.4,3.5
353891.18,4.38,3.0,29,199.1,1.48,3.5
479117.54,3.22,2.5,28,194.4,1.47,3.0
475634.23,2.81,2.0,20,202.1,1.22,2.5
328594.64,3.05,2.5,18,198.3,1.21,3.0
173848.07,4.08,1.5,18,206.4,1.12,2.0
401304.29,3.36,1.5,30,211.3,1.13,2.0
290714.46,3.43,3.0,22,215.3,1.41,3.5
495447.42,3.29,2.5,29,209.3,1.46,3.0
294130.63,4.12,2.0,24,215.8,1.32,2.5
384922.62,2.07,2.5,20,193.2,1.2,3.0
389281.26,2.71,2.5,19,206.0,1.48,3.0
275453.57,3.82,1.5,26,211.3,1.46,2.0
314583.32,2.82,2.0,21,236.6,1.11,2.5
187838.72,2.32,1.5,19,209.0,1.38,2.0
474544.25,2.48,2.5,21,196.2,1.28,3.0
229384.33,3.64,2.0,30,237.7,1.24,2.5
385582.42,3.08,1.5,23,233.7,1.2,2.0
225687.96,2.59,2.0,30,225.6,1.14,2.5
290996.51,3.31,3.0,24,211.7,1.4,3.5
195399.37,4.25,1.5,28,239.1,1.26,2.0
225276.18,4.38,2.5,19,195.4,1.16,3.0
245219.56,2.31,1.5,21,208.0,1.35,2.0
242134.58,2.35,2.0,23,203.3,1.14,2.5
184622.89,4.09,2.5,24,201.4,1.16,3.0
358706.64,2.82,3.0,22,213.5,1.17,3.5
200252.53,3.54,2.5,21,201.8,1.4,3.0
239722.48,3.04,3.0,20,224.2,1.19,3.5
318322.51,3.3,1.5,30,218.6,1.43,2.0
459355.63,2.98,2.5,23,220.5,1.41,3.0
459027.42,4.14,2.5,26,212.4,1.21,3.0
175889.12,3.11,3.0,20,237.6,1.29,3.5
173698.54,2.83,2.5,24,226.8,1.36,3.0
392020.21,2.46,2.0,21,200.1,1.11,2.5
358694.12,3.99,3.0,29,212.5,1.12,3.5
239681.48,2.63,3.0,22,209.6,1.32,3.5
272749.19,4.1,2.0,28,198.8,1.33,2.5
397462.54,2.37,2.0,28,218.5,1.15,2.5
281578.65,2.74,2.0,21,214.8,1.44,2.5
318219.69,2.78,3.0,23,204.8,1.17,3.5
214696.06,2.61,2.0,20,230.3,1.14,2.5
332442.24,3.34,3.0,30,216.5,1.32,3.5
465285.22,3.43,1.5,22,199.3,1.26,2.0
426699.93,4.37,1.5,28,225.0,1.35,2.0
477754.57,3.42,2.5,24,202.5,1.16,3.0
181931.19,2.04,2.0,19,215.4,1.41,2.5
349626.27,2.59,1.5,26,218.8,1.11,2.0
208285.97,2.58,1.5,19,217.1,1.11,2.0
378287.54,3.16,3.0,28,213.7,1.15,3.5
369209.31,2.61,3.0,27,191.3,1.14,3.5
495196.19,2.41,2.0,18,232.9,1.36,2.5
286876.59,4.19,2.5,22,199.0,1.22,3.0
261926.22,2.06,1.5,18,218.0,1.12,2.0
315400.7,2.83,3.0,30,211.8,1.44,3.5
294577.5,3.85,1.5,29,221.5,1.32,2.0
242369.4,4.06,2.5,21,203.5,1.35,3.0
168103.5,3.61,2.0,18,201.3,1.45,2.5
220309.92,2.48,3.0,24,229.1,1.26,3.5
247865.12,3.92,3.0,27,231.9,1.17,3.5
461262.42,4.36,3.0,30,223.6,1.39,3.5
404780.42,4.06,3.0,29,226.0,1.21,3.5
446545.66,3.18,3.0,19,206.7,1.4,3.5
379348.33,4.42,3.0,26,190.9,1.13,3.5
294660.08,2.62,2.5,18,197.4,1.37,3.0
478196.02,2.89,3.0,22,238.0,1.12,3.5
337744.75,3.46,1.5,27,224.7,1.27,2.0
393957.41,2.99,2.0,24,238.5,1.12,2.5
184015.67,2.18,2.5,27,233.2,1.32,3.0
311911.14,2.84,3.0,27,225.9,1.1,3.5
290166.48,4.42,2.0,25,237.8,1.34,2.5
193457.34,3.82,1.5,26,204.6,1.34,2.0
333385.69,4.09,2.5,22,209.0,1.49,3.0
150457.61,2.34,2.0,22,204.5,1.45,2.5
460071.26,3.28,3.0,26,239.2,1.16,3.5
447615.15,4.11,1.5,27,226.8,1.27,2.0
184903.83,2.04,1.5,29,194.8,1.4,2.0
470131.57,2.5,1.5,25,212.4,1.35,2.0
305784.82,3.97,3.0,30,237.2,1.43,3.5
416470.35,2.03,1.5,20,220.3,1.29,2.0
164533.68,3.49,1.5,29,197.6,1.27,2.0
196248.15,3.82,2.5,30,212.1,1.27,3.0
389777.86,3.66,2.0,19,234.7,1.24,2.5
332633.74,3.72,2.5,19,201.7,1.15,3.0
442903.02,3.55,1.5,29,210.6,1.3,2.0
232533.72,4.25,3.0,29,199.9,1.14,3.5
374844.76,4.22,2.5,20,226.0,1.38,3.0
418939.99,3.13,2.5,27,202.3,1.14,3.0
440623.8,2.18,2.5,18,234.3,1.12,3.0
427474.78,2.29,3.0,21,230.3,1.32,3.5
383887.93,2.73,1.5,30,197.1,1.29,2.0
304175.79,2.27,1.5,24,235.0,1.25,2.0
379992.21,2.9,2.0,24,228.8,1.19,2.5
299987.68,3.21,1.5,18,223.2,1.48,2.0
496529.82,3.27,2.0,29,238.6,1.4,2.5
489325.78,3.31,2.5,24,196.7,1.22,3.0
498496.69,3.75,1.5,26,220.0,1.38,2.0
370537.9,4.48,2.5,29,214.4,1.1,3.0
396164.38,2.89,2.0,20,226.7,1.33,2.5
363485.0,2.4,2.5,21,232.1,1.39,3.0
457746.36,3.75,2.0,30,219.2,1.35,2.5
460680.48,2.55,2.0,28,196.3,1.16,2.5
171655.58,3.18,2.5,18,236.1,1.24,3.0
178445.08,2.7,3.0,22,213.3,1.43,3.5
177128.6,2.71,3.0,24,229.1,1.2,3.5
267522.27,4.18,3.0,23,195.4,1.35,3.5
326964.47,3.38,2.5,18,214.2,1.27,3.0
182939.21,2.85,2.0,21,197.3,1.19,2.5
185110.29,4.21,2.0,22,213.7,1.11,2.5
237789.89,3.6,1.5,25,233.4,1.44,2.0
443284.81,4.39,2.5,30,230.6,1.47,3.0
255401.48,2.97,1.5,20,235.7,1.1,2.0
463192.93,4.45,1.5,18,219.2,1.25,2.0
373567.56,2.45,1.5,29,223.0,1.24,2.0
342368.05,3.6,2.5,20,227.2,1.23,3.0
462549.31,3.58,1.5,23,195.6,1.42,2.0
229837.71,3.66,2.0,19,227.7,1.19,2.5
347719.24,2.84,2.5,20,231.6,1.19,3.0
368515.3,3.96,2.0,29,193.1,1.21,2.5
213499.05,2.74,2.0,25,199.0,1.5,2.5
295208.29,3.99,3.0,20,191.4,1.22,3.5
259680.32,2.68,2.0,21,201.3,1.1,2.5
163743.2,3.79,1.5,26,204.3,1.4,2.0
478195.24,3.48,1.5,20,199.8,1.33,2.0
465762.63,2.21,2.0,26,225.4,1.22,2.5
434033.56,2.55,2.5,28,215.2,1.12,3.0
413744.73,3.1,1.5,24,192.1,1.47,2.0
499722.51,3.98,2.5,20,192.4,1.23,3.0
490171.24,4.25,3.0,23,198.0,1.21,3.5
474838.8,3.74,3.0,20,198.7,1.11,3.5
413230.88,3.08,2.0,23,206.0,1.18,2.5
188644.05,4.19,3.0,30,228.1,1.26,3.5
468926.13,3.28,2.0,20,230.5,1.17,2.5
209526.18,2.39,2.5,22,194.7,1.3,3.0
221443.15,3.1,3.0,22,196.5,1.33,3.5
372341.93,3.79,1.5,26,201.6,1.46,2.0
417355.41,2.58,1.5,25,195.0,1.47,2.0
255147.48,2.37,1.5,24,225.4,1.22,2.0
407401.31,2.04,2.0,29,233.0,1.25,2.5
287683.22,3.86,2.5,27,197.2,1.28,3.0
449089.14,3.57,3.0,23,222.2,1.38,3.5
421965.02,2.32,2.0,29,196.3,1.21,2.5
228843.1,2.0,3.0,20,202.8,1.4,3.5
224530.37,2.43,3.0,23,192.8,1.24,3.5
356494.86,4.12,2.5,20,235.9,1.35,3.0
434969.82,3.36,2.0,18,218.4,1.46,2.5
351558.17,2.49,3.0,23,210.9,1.33,3.5
340500.47,2.33,2.0,22,232.5,1.22,2.5
432411.14,2.29,1.5,23,197.7,1.43,2.0
190215.28,2.12,1.5,23,200.5,1.42,2.0
161401.63,4.39,1.5,19,216.9,1.4,2.0
353388.48,3.82,1.5,18,196.7,1.25,2.0
460307.15,3.35,2.0,25,218.4,1.48,2.5
388953.8,3.4,2.0,29,233.2,1.13,2.5
353027.47,2.57,2.5,30,234.9,1.26,3.0
256388.57,3.68,2.5,25,201.1,1.13,3.0
167049.11,4.4,1.5,18,197.4,1.44,2.0
351454.27,3.64,2.5,21,223.3,1.19,3.0
268160.45,4.32,1.5,27,206.5,1.27,2.0
262286.39,2.11,3.0,25,227.2,1.26,3.5
424943.85,2.79,3.0,24,225.0,1.37,3.5
362553.1,2.58,3.0,20,224.0,1.33,3.5
246405.33,2.77,1.5,20,196.2,1.11,2.0
337435.72,2.71,2.5,19,204.7,1.26,3.0
182862.72,2.56,3.0,25,196.8,1.44,3.5
307343.06,2.62,2.5,28,207.2,1.17,3.0
422380.75,2.84,3.0,28,207.0,1.24,3.5
208778.13,3.74,3.0,27,218.1,1.42,3.5
185158.13,2.65,1.5,29,214.8,1.13,2.0
184503.04,3.54,2.0,20,201.1,1.36,2.5
235372.38,2.53,3.0,24,213.1,1.25,3.5
255236.91,2.2,2.5,30,220.9,1.41,3.0
266530.9,3.53,3.0,20,208.8,1.16,3.5
183256.03,3.71,3.0,21,192.7,1.22,3.5
423614.26,2.12,2.5,20,206.5,1.44,3.0
385916.32,2.95,2.0,19,220.3,1.15,2.5
254616.32,3.75,1.5,28,228.2,1.47,2.0
159981.33,2.78,3.0,29,239.2,1.19,3.5
328437.63,3.13,2.0,23,214.9,1.45,2.5
379108.34,3.65,3.0,24,215.1,1.42,3.5
273019.45,3.01,2.5,19,229.6,1.32,3.0
195697.81,2.61,1.5,27,210.3,1.47,2.0
458082.06,3.13,2.0,30,211.1,1.15,2.5
263063.95,2.25,2.0,23,216.2,1.33,2.5
211433.26,4.32,1.5,30,217.0,1.47,2.0
411525.13,4.14,3.0,29,194.8,1.21,3.5
420041.07,3.21,1.5,24,205.5,1.25,2.0
192494.8,3.73,2.5,26,231.6,1.43,3.0
334689.25,4.08,3.0,20,211.7,1.21,3.5
392594.34,2.49,3.0,24,214.0,1.37,3.5
355871.75,2.87,3.0,26,213.7,1.21,3.5
345948.19,2.73,2.0,18,193.0,1.27,2.5
322274.2,2.46,1.5,21,192.3,1.41,2.0
289279.55,3.28,1.5,29,201.8,1.45,2.0
384496.83,3.35,2.5,20,202.7,1.19,3.0
308523.42,2.81,3.0,30,200.7,1.34,3.5
451817.24,4.27,3.0,21,228.0,1.14,3.5
162176.69,3.93,2.0,24,229.3,1.49,2.5
314039.77,4.14,1.5,20,202.6,1.33,2.0
352125.15,3.53,2.5,22,209.3,1.22,3.0
498229.93,2.71,3.0,28,237.1,1.35,3.5
372052.8,3.84,2.5,30,200.7,1.4,3.0
494947.41,3.8,3.0,18,236.3,1.3,3.5
222948.04,2.99,2.0,18,215.3,1.15,2.5
410173.41,2.55,2.5,21,220.1,1.12,3.0
481501.13,2.32,3.0,23,191.0,1.47,3.5
431422.05,2.43,1.5,26,208.4,1.26,2.0
355719.91,4.2,1.5,27,197.1,1.14,2.0
180134.23,2.69,1.5,27,197.0,1.32,2.0
393098.53,3.77,1.5,21,220.3,1.36,2.0
342482.56,2.24,2.0,18,237.9,1.15,2.5
299967.55,3.02,1.5,19,223.3,1.4,2.0
453558.08,3.92,2.0,28,231.0,1.39,2.5
174105.2,3.89,2.0,22,222.1,1.22,2.5
375820.85,3.14,2.5,18,190.1,1.49,3.0
437233.92,3.09,2.5,30,199.8,1.14,3.0
170684.56,2.0,1.5,18,236.0,1.41,2.0
410345.6,4.11,2.5,18,194.4,1.17,3.0
241915.25,2.54,2.5,22,232.4,1.18,3.0
328379.5,3.98,3.0,26,212.3,1.28,3.5
200494.74,4.39,3.0,21,207.3,1.33,3.5
191273.55,3.13,3.0,28,194.7,1.32,3.5
213409.66,3.81,1.5,27,196.0,1.21,2.0
256806.67,3.24,3.0,18,195.5,1.46,3.5
411614.88,2.96,2.5,29,217.0,1.49,3.0
491552.9,2.6,2.5,25,197.4,1.46,3.0
344152.12,3.33,2.0,27,195.3,1.19,2.5
214871.58,2.85,2.5,25,198.6,1.18,3.0
154864.8,3.68,2.5,19,218.7,1.18,3.0
278609.39,3.33,1.5,25,217.5,1.13,2.0
361493.11,2.82,1.5,23,191.3,1.27,2.0
380165.53,2.81,1.5,25,223.2,1.29,2.0
281398.38,3.58,3.0,20,210.9,1.34,3.5
239160.78,4.38,2.0,22,212.6,1.27,2.5
380817.59,2.81,3.0,23,217.7,1.16,3.5
313049.44,3.89,1.5,27,192.8,1.5,2.0
402889.77,4.4,3.0,28,212.9,1.3,3.5
485450.08,2.37,2.0,23,237.6,1.41,2.5
280767.75,4.48,2.0,19,204.7,1.16,2.5
476769.18,2.76,3.0,19,204.1,1.14,3.5
412079.11,3.03,1.5,27,205.4,1.32,2.0
349822.9,2.5,2.0,28,209.8,1.21,2.5
185459.65,2.14,3.0,24,227.8,1.38,3.5
323067.24,2.0,1.5,23,234.0,1.25,2.0
272640.92,3.86,2.5,27,203.1,1.11,3.0
499292.52,3.51,3.0,26,234.1,1.11,3.5
155071.02,3.02,1.5,28,202.9,1.29,2.0
382032.0,4.0,2.0,21,236.2,1.43,2.5
340103.49,3.96,2.5,29,194.0,1.31,3.0
241188.69,4.16,2.5,29,233.6,1.39,3.0
198349.38,4.31,2.0,23,197.4,1.42,2.5
199256.82,4.49,2.0,28,238.3,1.12,2.5
447818.82,2.18,2.5,19,200.7,1.19,3.0
472858.13,2.0,1.5,21,208.8,1.11,2.0
166841.62,2.46,3.0,27,235.0,1.41,3.5
237366.34,2.87,1.5,26,228.0,1.31,2.0
468054.28,3.03,1.5,23,232.4,1.18,2.0
263164.42,2.68,1.5,30,193.2,1.36,2.0
322553.19,3.84,2.0,29,213.1,1.15,2.5
294766.19,3.27,1.5,24,196.1,1.31,2.0
156716.1,2.33,2.5,28,221.1,1.25,3.0
412985.87,2.77,2.0,25,224.4,1.47,2.5
369066.87,3.71,3.0,28,203.7,1.42,3.5
299735.05,3.5,3.0,21,230.8,1.2,3.5
371095.41,4.42,1.5,25,235.8,1.44,2.0
348052.54,3.67,1.5,20,236.9,1.39,2.0
371696.76,3.57,1.5,25,236.4,1.39,2.0
211235.65,2.06,2.0,27,214.8,1.28,2.5
363047.99,2.91,2.0,18,211.2,1.33,2.5
467309.99,3.07,3.0,21,227.7,1.2,3.5
452908.26,4.44,3.0,26,211.0,1.21,3.5
214070.35,2.59,3.0,25,228.1,1.35,3.5
173569.02,3.66,1.5,18,239.0,1.26,2.0
498708.62,4.03,1.5,22,212.4,1.19,2.0
155585.36,3.7,2.0,30,207.5,1.37,2.5
462486.29,2.22,1.5,28,203.3,1.23,2.0
344227.53,2.59,2.0,18,197.1,1.22,2.5
160698.95,3.73,2.5,29,212.0,1.19,3.0
444055.38,4.32,1.5,29,197.8,1.47,2.0
354436.62,4.06,1.5,24,225.9,1.2,2.0
340841.76,4.01,2.0,25,218.6,1.36,2.5
308326.19,4.13,3.0,26,230.2,1.49,3.5
480323.0,2.35,2.0,30,234.7,1.4,2.5
388166.0,3.83,1.5,22,190.1,1.15,2.0
440066.84,3.85,1.5,20,203.1,1.1,2.0
172191.12,3.09,2.5,18,219.0,1.12,3.0
448315.5,3.13,3.0,22,194.8,1.37,3.5
190793.58,3.89,2.0,24,190.9,1.5,2.5
295820.12,2.59,1.5,21,214.5,1.49,2.0
434387.02,4.02,2.0,25,206.2,1.36,2.5
372307.13,2.1,3.0,23,206.9,1.23,3.5
163814.37,4.08,2.5,26,204.5,1.24,3.0
171046.15,2.77,2.5,26,201.8,1.23,3.0
253837.85,3.96,2.5,21,222.8,1.47,3.0
173739.03,3.07,2.5,19,235.9,1.46,3.0
358702.1,2.55,2.5,30,212.4,1.42,3.0
153167.36,2.18,2.5,30,220.0,1.48,3.0
277542.75,2.19,2.5,30,197.3,1.18,3.0
372985.22,2.81,2.5,21,190.8,1.38,3.0
438191.45,2.19,3.0,25,219.8,1.18,3.5
288773.3,3.01,2.5,20,226.5,1.45,3.0
327522.09,4.22,3.0,19,213.8,1.11,3.5
367015.52,2.4,2.0,29,201.6,1.36,2.5
298072.26,3.74,3.0,30,224.0,1.11,3.5
308056.74,2.45,2.0,23,201.3,1.29,2.5
454030.08,3.87,3.0,20,207.4,1.25,3.5
190972.08,4.22,2.5,29,232.5,1.24,3.0
219195.7,4.35,1.5,19,211.0,1.14,2.0
236507.12,3.38,3.0,18,207.1,1.49,3.5
344029.17,3.73,1.5,25,220.1,1.28,2.0
214747.51,2.5,1.5,27,202.0,1.29,2.0
409795.35,2.17,1.5,24,233.7,1.33,2.0
360176.56,3.09,2.0,24,235.1,1.28,2.5
197896.81,2.42,2.0,19,196.8,1.36,2.5
475302.24,2.53,1.5,23,233.3,1.21,2.0
305035.53,3.53,3.0,26,211.9,1.13,3.5
166432.66,3.39,2.5,19,208.0,1.3,3.0
454385.66,2.9,3.0,23,239.9,1.39,3.5
195592.84,4.14,1.5,26,198.6,1.3,2.0
209283.25,2.09,1.5,21,201.2,1.4,2.0
347750.19,2.82,2.5,22,235.6,1.44,3.0
454412.27,2.63,3.0,30,194.0,1.44,3.5
254611.3,2.8,2.0,23,191.0,1.37,2.5
430380.67,2.38,3.0,30,225.6,1.42,3.5
193924.64,3.7,2.0,22,192.6,1.48,2.5
353457.75,2.55,2.5,19,214.9,1.17,3.0
294002.12,2.29,3.0,25,224.1,1.29,3.5
419036.14,2.49,3.0,23,227.5,1.24,3.5
340013.59,4.4,2.5,20,231.8,1.25,3.0
498802.89,2.03,3.0,18,232.7,1.34,3.5
436216.16,2.5,3.0,20,224.7,1.22,3.5
325909.24,2.51,2.5,27,231.6,1.29,3.0
380303.26,4.31,2.5,25,209.3,1.47,3.0
204833.14,2.51,2.5,24,212.8,1.18,3.0
478200.74,3.58,1.5,21,217.7,1.18,2.0
415920.87,3.6,1.5,24,220.3,1.27,2.0
473700.33,3.05,3.0,27,237.0,1.3,3.5
306120.68,4.47,2.0,20,199.2,1.45,2.5
396380.07,4.31,1.5,28,229.1,1.3,2.0
464595.11,3.87,2.5,24,207.2,1.39,3.0
448023.62,4.15,2.5,21,226.5,1.28,3.0
249812.07,3.12,2.0,21,207.8,1.46,2.5
423128.4,3.71,2.5,25,228.6,1.3,3.0
429651.84,2.8,2.0,28,237.1,1.3,2.5
484153.56,2.53,3.0,24,205.7,1.16,3.5
366716.23,3.65,3.0,20,216.9,1.16,3.5
269019.87,3.74,2.5,19,190.8,1.36,3.0
220027.4,3.3,3.0,28,206.0,1.12,3.5
242608.32,3.49,3.0,19,239.7,1.26,3.5
228085.38,3.89,1.5,24,195.9,1.49,2.0
373877.85,4.31,2.0,26,205.9,1.43,2.5
304946.88,2.44,2.5,27,223.8,1.14,3.0
367514.01,4.06,3.0,20,205.4,1.34,3.5
216243.44,2.78,1.5,26,193.2,1.2,2.0
479111.02,2.43,2.0,20,220.0,1.16,2.5
283737.37,3.45,3.0,28,212.7,1.45,3.5
401790.01,2.07,2.0,30,237.1,1.37,2.5
357485.39,4.34,3.0,28,235.6,1.41,3.5
481144.79,3.58,1.5,27,214.7,1.15,2.0
452405.7,3.7,2.0,24,229.3,1.26,2.5
494651.1,2.48,2.0,23,200.3,1.2,2.5
495943.43,3.23,1.5,24,225.0,1.39,2.0
194085.88,2.87,1.5,30,237.5,1.37,2.0
411610.58,2.25,1.5,25,190.8,1.24,2.0
244371.82,4.0,3.0,18,230.2,1.2,3.5
406653.46,2.72,1.5,25,205.4,1.24,2.0
151211.53,2.82,2.5,29,211.8,1.18,3.0
297866.59,3.27,2.5,20,227.6,1.24,3.0
471719.15,4.17,2.0,20,239.2,1.44,2.5
273902.15,4.07,1.5,27,211.8,1.1,2.0
426924.25,3.48,2.0,30,191.3,1.17,2.5
446678.15,3.56,1.5,26,224.0,1.25,2.0
175153.05,4.31,2.5,24,212.7,1.43,3.0
448948.71,3.16,3.0,29,232.1,1.15,3.5
442557.09,2.65,3.0,27,228.2,1.5,3.5
268766.88,2.32,3.0,29,227.0,1.36,3.5
455692.31,4.21,1.5,29,194.7,1.49,2.0
263510.01,2.83,1.5,20,209.2,1.25,2.0
496507.71,3.25,2.0,22,222.6,1.19,2.5
481900.37,4.49,2.0,30,196.6,1.12,2.5
179188.06,2.93,3.0,25,225.4,1.22,3.5
442019.23,3.2,2.0,25,198.7,1.36,2.5
391954.4,2.82,1.5,25,224.4,1.19,2.0
411298.11,3.53,2.0,28,231.5,1.37,2.5
262138.85,3.58,1.5,21,211.2,1.12,2.0
434600.61,2.01,2.0,24,211.7,1.42,2.5
193079.39,2.4,3.0,27,204.4,1.14,3.5
423847.12,3.85,2.5,23,195.3,1.15,3.0
282306.23,3.25,2.5,24,217.9,1.11,3.0
201479.02,3.56,2.0,27,228.1,1.39,2.5
231170.48,2.47,2.0,25,191.7,1.19,2.5
484120.78,3.76,3.0,18,210.5,1.14,3.5
354719.01,4.0,1.5,22,235.0,1.36,2.0
341211.44,2.09,1.5,23,225.0,1.43,2.0
331616.73,3.63,2.0,18,204.0,1.36,2.5
233447.89,2.7,2.5,19,201.1,1.47,3.0
167385.35,3.17,2.5,27,227.3,1.29,3.0
285724.68,3.84,2.0,27,238.3,1.15,2.5
371400.6,4.27,2.5,24,210.3,1.47,3.0
361274.18,2.56,2.0,18,219.8,1.45,2.5
157147.71,2.11,3.0,18,237.5,1.49,3.5
205995.92,3.95,2.5,27,210.5,1.32,3.0
313950.34,3.35,2.5,24,220.0,1.34,3.0
437267.18,3.17,3.0,24,191.7,1.45,3.5
482904.4,2.51,2.5,19,207.3,1.49,3.0
225923.79,4.25,3.0,30,192.4,1.48,3.5
269975.96,4.17,2.0,21,200.4,1.36,2.5
475457.92,3.51,3.0,22,195.0,1.26,3.5
434115.8,3.67,2.0,19,235.9,1.35,2.5
426870.53,2.82,1.5,19,198.0,1.4,2.0
176843.93,3.23,2.5,30,197.7,1.24,3.0
393293.13,3.93,2.0,29,231.6,1.2,2.5
452159.95,2.11,2.5,27,195.8,1.47,3.0
494548.63,4.31,2.5,18,239.5,1.19,3.0
380348.87,3.83,2.0,28,218.4,1.48,2.5
428066.9,3.38,3.0,19,207.2,1.19,3.5
350658.97,3.59,1.5,30,229.2,1.16,2.0
276577.34,2.47,2.0,30,225.7,1.4,2.5
232725.04,3.35,2.0,18,219.9,1.29,2.5
189482.45,3.73,2.5,19,233.7,1.34,3.0
341315.54,4.38,1.5,24,210.7,1.13,2.0
422653.68,3.75,1.5,21,236.0,1.49,2.0
172271.97,4.2,3.0,19,211.0,1.32,3.5
363744.93,4.06,2.0,28,206.8,1.27,2.5
292849.14,3.88,3.0,24,207.4,1.27,3.5
252352.58,2.78,2.5,22,209.8,1.3,3.0
316450.28,4.45,1.5,22,201.4,1.46,2.0
384711.45,3.6,1.5,29,207.2,1.41,2.0
349850.85,3.45,3.0,21,206.4,1.49,3.5
476722.57,3.78,2.5,22,206.3,1.3,3.0
387852.82,2.42,1.5,28,219.0,1.45,2.0
366818.85,2.48,2.0,28,203.0,1.17,2.5
338521.95,2.05,1.5,27,220.7,1.41,2.0
194926.3,3.08,2.0,30,222.2,1.26,2.5
315975.57,3.97,2.5,18,222.0,1.16,3.0
411012.05,2.63,1.5,22,213.3,1.19,2.0
220936.86,3.25,1.5,21,211.9,1.27,2.0
248803.91,2.36,2.0,27,212.9,1.18,2.5
392635.35,2.55,2.0,23,205.3,1.2,2.5
429298.15,3.64,2.0,20,239.1,1.23,2.5
403482.07,2.11,2.0,24,199.9,1.3,2.5
174197.02,2.57,3.0,19,197.2,1.24,3.5
297642.52,2.71,1.5,21,237.6,1.28,2.0
405682.1,3.86,2.5,25,217.8,1.3,3.0
373254.99,3.56,2.0,26,205.3,1.49,2.5
151047.6,3.98,2.0,30,197.9,1.46,2.5
432782.41,3.61,2.5,29,224.6,1.12,3.0
390317.14,3.35,2.5,24,231.9,1.21,3.0
370026.79,2.63,1.5,29,208.1,1.22,2.0
212394.82,3.61,2.0,28,218.7,1.18,2.5
189676.71,4.0,3.0,29,210.5,1.11,3.5
240570.74,4.34,2.0,29,207.0,1.35,2.5
207829.48,2.04,2.5,18,214.2,1.28,3.0
277989.28,3.12,2.0,28,204.0,1.37,2.5
235158.58,2.41,1.5,19,233.7,1.37,2.0
265700.78,4.2,2.0,20,213.6,1.41,2.5
479449.12,4.27,3.0,25,204.7,1.23,3.5
229184.26,3.49,2.0,27,212.8,1.19,2.5
367133.63,2.37,3.0,24,237.3,1.4,3.5
379090.52,2.72,3.0,20,204.7,1.14,3.5
498274.56,4.37,2.0,29,204.2,1.12,2.5
262796.07,3.93,1.5,23,226.3,1.15,2.0
400195.39,3.43,2.0,29,214.6,1.28,2.5
486610.45,2.64,2.5,20,230.4,1.34,3.0
267276.9,3.57,1.5,21,192.9,1.33,2.0
264143.89,3.94,1.5,29,222.7,1.2,2.0
395904.89,3.88,2.5,19,226.2,1.38,3.0
432356.62,2.84,1.5,23,232.5,1.39,2.0
406619.3,4.11,1.5,28,214.6,1.35,2.0
199075.18,3.7,1.5,27,198.0,1.31,2.0
418676.96,3.91,1.5,22,236.1,1.33,2.0
218881.38,2.31,3.0,29,209.4,1.16,3.5
195066.8,2.92,3.0,25,221.6,1.27,3.5
207921.29,3.37,3.0,22,231.9,1.43,3.5
452541.48,3.01,3.0,18,203.0,1.17,3.5
294541.99,2.08,2.0,30,210.1,1.19,2.5
276891.57,3.82,1.5,20,218.8,1.17,2.0
155280.08,3.14,1.5,22,192.2,1.49,2.0
308231.57,3.37,3.0,26,217.7,1.37,3.5
404195.34,3.61,2.0,18,229.5,1.15,2.5
489878.04,3.38,2.0,26,209.9,1.27,2.5
367799.21,3.63,2.0,22,192.4,1.17,2.5
444675.03,3.21,2.0,20,228.2,1.48,2.5
242337.38,3.97,3.0,20,201.6,1.1,3.5
463336.8,3.01,1.5,25,212.5,1.26,2.0
366535.78,3.39,1.5,19,235.8,1.37,2.0
488081.43,4.04,3.0,24,229.6,1.47,3.5
477759.93,2.42,3.0,18,209.4,1.19,3.5
421810.93,2.94,1.5,28,196.8,1.28,2.0
376188.5,2.43,1.5,29,190.8,1.28,2.0
251601.05,2.93,3.0,24,223.5,1.11,3.5
346877.08,4.41,2.0,25,190.3,1.36,2.5
468290.48,2.06,2.0,18,207.8,1.18,2.5
190818.72,3.8,2.0,30,215.3,1.27,2.5
199218.26,4.14,2.5,21,234.9,1.15,3.0
415516.76,3.99,3.0,19,225.1,1.1,3.5
395969.14,2.09,2.0,24,225.1,1.25,2.5
446793.25,2.57,1.5,20,205.6,1.32,2.0
290345.17,2.36,2.0,23,195.4,1.48,2.5
343573.82,2.49,2.5,29,235.0,1.29,3.0
420008.45,2.67,3.0,21,199.8,1.27,3.5
470309.59,3.74,2.5,30,206.3,1.23,3.0
357360.33,2.25,2.0,19,234.3,1.47,2.5
417944.86,3.78,2.5,20,204.8,1.24,3.0
183916.39,2.43,3.0,28,228.0,1.49,3.5
394743.88,4.37,1.5,23,209.3,1.29,2.0
165284.25,3.83,2.0,26,229.0,1.31,2.5
204631.14,3.1,1.5,22,230.9,1.48,2.0
304277.68,2.39,2.0,29,197.4,1.5,2.5
431595.95,2.18,2.0,29,216.8,1.28,2.5
343476.92,4.36,2.5,23,190.7,1.27,3.0
318171.25,3.41,3.0,21,200.4,1.25,3.5
483868.43,4.42,1.5,22,215.0,1.3,2.0
345016.62,2.33,3.0,30,196.2,1.21,3.5
409890.5,4.1,2.0,27,193.9,1.17,2.5
437365.66,4.03,2.0,27,237.6,1.11,2.5
424957.98,2.35,2.0,19,196.2,1.24,2.5
166032.27,3.01,3.0,23,219.1,1.16,3.5
177358.31,3.63,1.5,24,209.5,1.35,2.0
350341.0,2.14,3.0,29,232.6,1.48,3.5
453408.64,4.28,2.0,29,233.7,1.33,2.5
248420.11,3.49,1.5,22,225.1,1.17,2.0
205637.47,3.41,1.5,27,214.9,1.23,2.0
447669.81,4.04,1.5,29,232.0,1.32,2.0
497815.33,3.08,2.5,23,217.9,1.26,3.0
171854.88,2.85,2.5,28,211.8,1.17,3.0
277532.85,2.91,2.0,19,209.3,1.33,2.5
357674.16,4.32,3.0,23,195.2,1.28,3.5
233550.6,4.28,3.0,18,219.3,1.41,3.5
163480.18,2.33,3.0,22,213.7,1.2,3.5
461864.43,3.36,3.0,23,201.1,1.37,3.5
192683.03,3.81,2.0,20,210.0,1.23,2.5
477480.41,4.18,2.0,18,221.5,1.3,2.5
283218.71,3.15,2.5,28,198.6,1.44,3.0
323955.24,2.19,2.0,22,202.7,1.14,2.5
362185.5,3.17,2.5,19,232.0,1.23,3.0
276559.36,3.16,2.0,19,226.2,1.41,2.5
471971.57,3.52,1.5,28,210.7,1.18,2.0
228266.08,2.54,2.0,19,212.4,1.22,2.5
419008.89,3.07,2.5,29,213.8,1.48,3.0
463008.21,3.98,2.0,22,235.8,1.32,2.5
385691.07,2.3,2.0,24,209.8,1.49,2.5
173656.3,2.75,1.5,21,198.5,1.38,2.0
259914.65,2.16,2.0,23,209.4,1.48,2.5
345642.28,2.32,1.5,20,225.0,1.32,2.0
211983.67,3.26,2.0,27,236.0,1.18,2.5
422437.23,3.2,3.0,19,239.2,1.18,3.5
390304.9,4.23,3.0,27,235.9,1.46,3.5
197463.5,2.28,1.5,30,208.0,1.14,2.0
358620.5,2.19,1.5,22,194.2,1.26,2.0
219072.51,2.14,2.0,27,192.1,1.1,2.5
406784.64,3.99,2.5,23,238.3,1.16,3.0
381166.97,4.0,1.5,25,239.5,1.4,2.0
386257.95,3.55,2.0,27,198.4,1.42,2.5
459236.92,3.06,1.5,20,223.9,1.14,2.0
421261.66,2.13,3.0,27,218.4,1.44,3.5
421084.39,2.19,2.5,29,210.4,1.17,3.0
285711.39,2.96,2.5,21,213.1,1.29,3.0
286846.82,3.28,2.0,23,228.7,1.48,2.5
174523.03,2.56,2.0,24,210.6,1.26,2.5
246566.78,4.29,2.5,26,190.0,1.2,3.0
495686.26,3.53,3.0,30,221.2,1.34,3.5
442922.03,3.87,1.5,30,200.4,1.18,2.0
206789.51,2.48,2.0,26,225.2,1.48,2.5
249418.21,4.13,1.5,25,236.5,1.43,2.0
190841.88,4.0,2.5,29,220.7,1.48,3.0
364455.69,3.87,2.0,27,217.0,1.37,2.5
314467.36,3.01,1.5,22,211.4,1.28,2.0
156357.86,2.34,1.5,27,203.1,1.18,2.0
444141.15,3.12,2.5,21,201.5,1.14,3.0
378035.71,2.37,2.0,24,222.4,1.3,2.5
165046.73,4.03,2.5,26,223.4,1.42,3.0
386622.43,2.52,3.0,24,238.1,1.36,3.5
254012.18,2.73,1.5,26,235.6,1.24,2.0
351607.15,2.76,2.0,30,192.8,1.38,2.5
253668.87,3.66,2.0,22,192.9,1.27,2.5
401810.17,3.71,2.5,18,229.9,1.25,3.0
345571.65,3.44,1.5,22,209.8,1.44,2.0
361728.55,4.37,2.5,19,226.4,1.15,3.0
182065.94,4.11,1.5,26,202.2,1.15,2.0
414907.19,2.3,1.5,28,230.8,1.37,2.0
354020.05,2.28,3.0,25,200.8,1.21,3.5
374097.67,3.67,2.5,21,213.4,1.49,3.0
454778.0,2.26,1.5,21,234.4,1.36,2.0
289922.77,2.65,1.5,19,196.6,1.46,2.0
293824.51,3.06,2.5,18,214.4,1.46,3.0
438216.82,3.67,2.5,28,205.3,1.49,3.0
410834.4,3.58,3.0,23,229.0,1.34,3.5
195820.02,2.25,3.0,23,234.3,1.25,3.5
498505.13,4.47,1.5,19,219.9,1.37,2.0
463646.13,3.99,1.5,18,204.5,1.35,2.0
406494.95,3.56,2.0,21,222.7,1.44,2.5
187475.72,2.86,2.0,29,225.0,1.37,2.5
204800.86,3.38,2.0,27,190.7,1.36,2.5
493848.17,2.94,3.0,22,232.4,1.23,3.5
464368.02,4.29,1.5,19,216.6,1.21,2.0
326719.73,4.44,1.5,30,214.3,1.38,2.0
224568.53,2.3,2.5,19,221.7,1.44,3.0
163006.45,3.29,1.5,27,219.4,1.12,2.0
307790.17,3.64,1.5,19,201.4,1.42,2.0
406432.62,2.82,2.5,22,208.5,1.26,3.0
289890.77,4.12,3.0,27,212.5,1.1,3.5
264114.46,3.97,2.0,22,225.3,1.34,2.5
173407.08,2.38,3.0,21,219.0,1.2,3.5
343044.79,2.88,1.5,26,231.8,1.17,2.0
334707.28,2.35,2.5,30,234.5,1.17,3.0
318017.23,3.3,2.0,20,223.8,1.32,2.5
150809.82,3.81,1.5,21,212.7,1.17,2.0
279245.7,3.71,3.0,26,227.3,1.19,3.5
420805.73,4.32,2.5,20,200.1,1.31,3.0
200231.1,3.65,2.0,30,196.8,1.44,2.5
225019.3,3.49,2.5,23,195.3,1.28,3.0
169778.93,2.26,1.5,25,237.3,1.33,2.0
158378.38,3.82,1.5,20,226.7,1.44,2.0
484013.52,2.34,1.5,24,213.5,1.2,2.0
385617.32,3.5,3.0,18,229.8,1.26,3.5
399896.37,2.99,2.0,28,231.8,1.24,2.5
267317.27,3.82,2.5,24,206.0,1.13,3.0
200094.9,4.3,1.5,23,214.1,1.24,2.0
275003.23,2.09,3.0,20,234.9,1.3,3.5
360397.77,4.41,3.0,27,216.3,1.24,3.5
414129.95,2.43,1.5,22,201.0,1.33,2.0
487367.67,3.25,1.5,29,216.8,1.32,2.0
279149.77,3.4,1.5,27,211.1,1.16,2.0
176701.65,2.41,2.5,25,207.9,1.34,3.0
187599.3,2.59,3.0,28,215.7,1.42,3.5
336082.1,3.46,1.5,24,192.5,1.23,2.0
156628.66,2.93,2.0,22,227.6,1.29,2.5
455976.34,4.33,2.5,26,190.9,1.25,3.0
199433.49,3.96,1.5,25,198.1,1.21,2.0
349324.87,4.31,3.0,23,228.3,1.43,3.5
344419.8,2.02,1.5,27,198.1,1.26,2.0
280744.37,4.17,2.0,19,212.8,1.36,2.5
160183.18,3.65,1.5,24,221.6,1.34,2.0
301864.11,3.78,2.0,25,227.3,1.42,2.5
458686.96,2.2,3.0,25,220.6,1.38,3.5
370166.91,4.23,2.0,30,238.9,1.47,2.5
189551.96,3.61,2.0,25,219.7,1.27,2.5
467925.92,3.93,2.0,22,206.2,1.35,2.5
318980.26,2.0,2.0,28,198.6,1.47,2.5
285192.99,3.29,3.0,19,236.5,1.31,3.5
207771.35,3.0,2.0,25,229.6,1.17,2.5
166528.53,4.48,3.0,21,202.7,1.34,3.5
245166.07,2.4,2.0,26,236.9,1.34,2.5
233514.41,3.73,3.0,22,207.4,1.29,3.5
182221.85,2.08,3.0,18,225.8,1.13,3.5
290742.06,3.95,2.5,30,213.8,1.12,3.0
311246.4,3.36,1.5,24,230.0,1.43,2.0
273273.88,3.48,2.0,22,206.3,1.21,2.5
175399.06,3.7,1.5,25,233.2,1.46,2.0
262868.14,2.99,1.5,19,221.8,1.2,2.0
206704.44,2.26,1.5,26,191.9,1.42,2.0
385796.79,3.72,1.5,27,200.2,1.25,2.0
301729.18,2.89,2.0,20,198.7,1.28,2.5
296821.67,3.1,2.5,24,213.7,1.16,3.0
469777.11,3.48,2.5,24,203.8,1.44,3.0
166238.13,3.44,2.0,21,211.0,1.42,2.5
328673.26,3.73,1.5,29,212.9,1.1,2.0
218698.87,3.76,1.5,27,201.8,1.22,2.0
344568.29,3.26,2.0,28,194.1,1.48,2.5
486119.15,2.59,3.0,20,219.9,1.23,3.5
307015.32,2.41,2.0,24,190.3,1.11,2.5
235505.89,4.47,2.5,26,218.5,1.14,3.0
392993.48,3.84,1.5,19,236.6,1.35,2.0
368173.45,3.94,2.0,25,203.4,1.15,2.5
156134.97,3.24,1.5,21,227.1,1.13,2.0
321791.03,3.41,2.0,23,219.8,1.46,2.5
163414.76,4.5,1.5,24,190.7,1.25,2.0
333605.26,2.64,1.5,19,226.3,1.14,2.0
188361.63,3.5,3.0,25,193.2,1.31,3.5
460631.37,4.41,2.5,21,229.6,1.19,3.0
190785.83,4.42,3.0,27,239.3,1.15,3.5
477222.91,3.95,2.5,19,215.1,1.28,3.0
171264.39,2.7,2.0,18,202.6,1.42,2.5
257642.54,2.78,2.0,27,208.7,1.3,2.5
305450.9,3.96,2.5,30,221.4,1.32,3.0
469663.58,2.48,1.5,24,202.0,1.21,2.0
210599.03,3.75,3.0,20,193.9,1.37,3.5
465982.08,2.54,2.5,20,212.4,1.36,3.0
377207.29,4.09,2.5,18,213.2,1.49,3.0
203867.79,3.51,3.0,20,193.0,1.2,3.5
187270.51,3.09,1.5,26,214.0,1.3,2.0
243351.41,4.14,3.0,29,211.1,1.31,3.5
341601.97,3.17,2.5,27,192.6,1.14,3.0
246592.61,3.91,3.0,26,208.4,1.23,3.5
246958.9,3.29,1.5,20,205.8,1.14,2.0
170365.97,4.28,2.5,22,239.8,1.31,3.0
427062.51,3.49,1.5,26,230.8,1.4,2.0
314036.91,2.63,3.0,19,200.5,1.31,3.5
473464.96,2.1,3.0,21,200.3,1.32,3.5
187074.02,3.11,1.5,24,232.9,1.36,2.0
431043.84,4.24,3.0,19,219.4,1.26,3.5
307583.8,3.94,1.5,27,200.7,1.46,2.0
377740.05,3.51,2.5,22,222.8,1.44,3.0
363328.37,3.72,2.5,30,234.6,1.29,3.0
164820.63,2.13,1.5,24,225.5,1.26,2.0
287512.16,2.24,2.0,25,198.7,1.33,2.5
248571.56,4.13,3.0,28,222.1,1.48,3.5
269349.75,4.1,1.5,20,200.5,1.48,2.0
270653.25,2.59,1.5,19,195.3,1.28,2.0
497571.47,3.76,2.5,27,236.5,1.27,3.0
257354.99,4.2,2.0,26,204.3,1.23,2.5
439675.82,3.06,2.5,26,204.0,1.13,3.0
201580.87,2.74,3.0,19,238.6,1.31,3.5
365122.06,2.81,3.0,30,201.5,1.47,3.5
214374.58,3.36,1.5,28,223.5,1.17,2.0
271288.47,2.13,2.5,22,228.9,1.19,3.0
351179.65,2.25,2.5,30,230.1,1.29,3.0
197538.54,2.67,3.0,18,198.6,1.32,3.5
363442.92,3.89,2.0,30,225.3,1.28,2.5
193420.87,4.33,3.0,25,196.0,1.18,3.5
171138.12,2.07,2.5,26,216.8,1.25,3.0
229385.64,4.06,2.5,21,202.4,1.48,3.0
377085.43,3.87,3.0,30,203.1,1.11,3.5
414173.94,3.7,2.0,29,236.5,1.3,2.5
238725.21,3.97,2.0,20,215.3,1.36,2.5
390242.41,2.77,1.5,25,191.0,1.28,2.0
229472.73,2.05,2.5,19,221.9,1.33,3.0
380517.34,2.84,2.5,24,201.5,1.3,3.0
411961.62,3.74,3.0,27,203.1,1.29,3.5
488752.31,4.5,2.5,24,202.5,1.24,3.0
292716.64,4.48,1.5,28,195.9,1.3,2.0
240546.97,3.52,2.0,21,202.8,1.41,2.5
428715.22,2.55,1.5,23,236.8,1.45,2.0
246219.65,2.52,2.0,28,210.4,1.22,2.5
207324.24,4.09,1.5,21,234.6,1.27,2.0
187531.71,3.74,2.0,24,205.5,1.4,2.5
474854.78,2.93,2.0,23,225.0,1.36,2.5
191990.79,3.78,1.5,30,205.4,1.49,2.0
288026.32,3.18,2.5,23,190.7,1.42,3.0
150983.1,2.02,2.5,22,203.7,1.1,3.0
499811.71,3.38,1.5,19,194.4,1.29,2.0
336864.61,2.15,2.5,24,213.2,1.43,3.0
186977.86,2.37,1.5,22,219.4,1.11,2.0
211016.34,2.42,2.5,20,209.0,1.48,3.0
199474.36,3.58,2.0,18,196.3,1.38,2.5
246343.32,3.8,2.0,24,198.5,1.1,2.5
165694.64,3.97,2.0,29,225.3,1.23,2.5
349885.76,2.11,3.0,18,214.8,1.42,3.5
410875.97,2.77,2.0,19,223.5,1.33,2.5
292323.75,2.41,1.5,20,196.8,1.21,2.0
293576.27,2.66,2.5,18,227.9,1.26,3.0
232356.81,2.84,2.5,23,233.6,1.33,3.0
276845.57,3.72,2.0,18,193.5,1.37,2.5
396567.36,3.24,2.0,20,190.7,1.14,2.5
279813.33,4.01,2.0,25,233.3,1.43,2.5
363272.31,4.09,2.0,22,190.5,1.32,2.5
317832.19,2.93,1.5,23,197.3,1.38,2.0
227553.61,3.86,2.5,27,208.8,1.41,3.0
449101.62,2.12,2.0,29,198.0,1.33,2.5
195365.63,3.71,1.5,30,203.9,1.43,2.0
269302.97,2.21,2.0,30,195.2,1.13,2.5
399083.6,4.49,3.0,18,199.7,1.44,3.5
158606.97,3.19,2.5,28,191.0,1.36,3.0
382246.42,2.68,3.0,25,218.4,1.5,3.5
420041.06,3.87,3.0,18,216.9,1.47,3.5
300886.61,3.92,1.5,30,235.6,1.4,2.0
471879.93,4.36,3.0,25,227.2,1.25,3.5
379875.29,4.16,1.5,23,236.1,1.1,2.0
332886.09,3.88,2.5,27,226.8,1.36,3.0
444054.81,2.54,2.5,23,198.2,1.19,3.0
274119.25,4.19,1.5,29,194.4,1.39,2.0
410331.49,2.86,1.5,25,209.8,1.35,2.0
455502.17,3.14,3.0,24,224.6,1.37,3.5
475362.58,3.83,3.0,28,201.8,1.39,3.5
378535.63,3.25,2.5,18,202.9,1.21,3.0
350742.84,2.29,3.0,23,237.3,1.3,3.5
375022.39,4.05,2.0,22,221.4,1.3,2.5
379941.05,3.95,2.0,20,194.2,1.24,2.5
479400.62,4.3,3.0,24,232.6,1.24,3.5
420263.05,4.34,3.0,26,218.3,1.44,3.5
454589.34,2.79,3.0,30,191.9,1.11,3.5
275743.34,2.92,1.5,27,207.6,1.35,2.0
208004.61,2.06,2.0,23,209.5,1.41,2.5
357825.73,3.73,3.0,27,217.1,1.19,3.5
451073.91,2.91,2.0,25,202.7,1.21,2.5
409367.15,2.91,2.0,21,190.2,1.2,2.5
174645.56,4.09,1.5,21,226.2,1.35,2.0
462730.28,4.47,2.5,25,195.6,1.46,3.0
415932.91,3.31,3.0,24,193.7,1.34,3.5
196237.52,4.16,3.0,24,224.3,1.22,3.5
435564.28,2.61,2.5,27,221.5,1.23,3.0
451806.72,3.66,1.5,22,223.4,1.15,2.0
467079.21,3.13,3.0,22,232.4,1.13,3.5
290459.93,2.53,2.0,26,220.8,1.2,2.5
314576.22,2.19,3.0,22,216.3,1.31,3.5
491708.8,2.11,1.5,19,206.5,1.38,2.0
442805.76,2.19,2.0,22,200.1,1.19,2.5
217853.92,3.33,3.0,27,237.5,1.15,3.5
297189.27,2.57,3.0,29,218.7,1.16,3.5
369823.83,3.04,3.0,19,218.4,1.1,3.5
472173.74,4.32,3.0,20,231.6,1.39,3.5
179566.85,2.54,3.0,21,222.8,1.48,3.5
198855.07,4.03,3.0,30,203.3,1.43,3.5
221975.79,2.41,1.5,26,235.9,1.16,2.0
421648.37,2.16,2.0,22,231.5,1.23,2.5
250016.92,4.07,3.0,22,224.5,1.14,3.5
488525.23,3.22,2.5,26,193.4,1.21,3.0
325471.85,3.5,2.5,27,203.8,1.48,3.0
470764.73,3.58,2.0,28,220.7,1.23,2.5
450370.4,3.77,2.5,23,207.3,1.49,3.0
181440.83,2.44,2.0,22,203.8,1.13,2.5
177761.54,3.81,2.5,22,234.1,1.36,3.0
383585.39,3.16,3.0,19,202.3,1.4,3.5
242796.14,3.16,3.0,25,191.4,1.2,3.5
474456.64,3.67,1.5,24,215.2,1.34,2.0
233171.25,4.18,3.0,21,203.7,1.47,3.5
295018.17,3.07,2.5,25,238.1,1.33,3.0
188566.25,3.25,1.5,23,231.7,1.33,2.0
