T3,u,m_loi,z1,overload_ratio,suggested_m
1188662.19,2.93,1.5,27,1.37,2.0
584440.38,2.15,2.5,23,1.2,3.0
1193157.5,3.17,3.0,28,1.41,3.5
1011183.75,2.33,1.5,23,1.25,2.0
1980790.99,4.47,3.0,30,1.13,3.5
782752.18,4.44,2.0,30,1.18,2.5
580218.08,2.62,2.0,25,1.28,2.5
969309.91,2.57,2.0,31,1.46,2.5
1267163.25,2.83,3.0,20,1.26,3.5
557438.0,2.73,3.0,21,1.48,3.5
1351403.98,3.06,1.5,31,1.36,2.0
1214143.94,4.11,2.0,20,1.18,2.5
712928.86,3.18,3.0,26,1.15,3.5
1131896.26,3.05,2.5,27,1.22,3.0
514228.8,2.29,2.5,20,1.3,3.0
987172.22,3.48,2.0,22,1.43,2.5
634731.85,2.63,3.0,25,1.41,3.5
1477522.33,4.45,2.5,31,1.43,3.0
534659.69,2.76,2.0,22,1.19,2.5
1422990.82,3.94,2.0,22,1.16,2.5
538044.06,3.59,3.0,32,1.34,3.5
762668.08,3.33,2.5,19,1.13,3.0
975084.91,3.74,2.5,32,1.14,3.0
868977.05,3.13,2.5,24,1.41,3.0
1171615.91,2.85,2.0,24,1.46,2.5
1231972.68,3.55,3.0,29,1.3,3.5
1120489.64,2.41,3.0,23,1.17,3.5
1591722.71,3.51,1.5,23,1.24,2.0
491192.47,2.06,2.0,19,1.2,2.5
1203028.99,2.81,2.5,32,1.49,3.0
1025168.92,3.06,2.5,27,1.39,3.0
824477.7,4.44,2.0,21,1.28,2.5
1081308.6,2.87,3.0,27,1.16,3.5
781788.55,3.22,2.0,27,1.25,2.5
973814.47,2.84,1.5,25,1.38,2.0
853561.01,3.69,3.0,19,1.39,3.5
729958.59,4.22,1.5,22,1.48,2.0
1185783.8,3.79,1.5,28,1.45,2.0
765663.38,2.61,2.5,24,1.37,3.0
1493110.31,3.3,2.0,31,1.49,2.5
1038590.01,3.9,1.5,29,1.49,2.0
867656.18,2.87,2.5,22,1.42,3.0
1093327.24,2.37,2.0,30,1.14,2.5
1457958.32,4.05,3.0,24,1.15,3.5
594281.53,3.11,2.5,29,1.37,3.0
765755.39,3.56,1.5,32,1.43,2.0
840180.32,2.7,2.5,29,1.16,3.0
586100.15,3.6,2.0,21,1.3,2.5
752195.69,2.68,1.5,19,1.38,2.0
701145.83,3.16,1.5,31,1.13,2.0
1122833.56,2.63,3.0,25,1.31,3.5
874522.52,3.54,1.5,27,1.3,2.0
1234406.86,4.17,2.0,19,1.2,2.5
607567.72,2.37,2.5,26,1.31,3.0
1408848.21,3.8,2.0,25,1.27,2.5
946415.65,3.78,2.5,25,1.32,3.0
645739.25,3.09,2.5,29,1.45,3.0
975920.66,3.5,1.5,18,1.3,2.0
1582244.43,4.09,2.0,22,1.38,2.5
1592261.64,4.0,2.5,23,1.23,3.0
785842.38,3.18,1.5,29,1.25,2.0
1552814.67,3.99,2.5,27,1.34,3.0
1634281.96,3.84,2.0,26,1.48,2.5
687086.82,2.91,3.0,31,1.3,3.5
750960.88,2.64,1.5,25,1.37,2.0
1990405.08,4.45,1.5,25,1.17,2.0
1008975.29,3.48,2.5,32,1.34,3.0
808857.15,2.38,2.5,20,1.41,3.0
868633.11,3.6,2.5,27,1.33,3.0
1253832.73,2.99,2.0,21,1.36,2.5
940610.39,2.84,2.5,24,1.4,3.0
1278014.44,2.9,2.0,23,1.33,2.5
956140.04,3.15,2.0,30,1.31,2.5
576411.35,2.65,1.5,20,1.17,2.0
1239588.76,2.63,2.0,27,1.18,2.5
1159759.29,2.87,2.0,25,1.12,2.5
1364831.87,4.29,2.0,26,1.31,2.5
622166.8,4.19,3.0,23,1.39,3.5
1031234.59,3.68,2.5,19,1.27,3.0
740276.9,2.97,1.5,25,1.21,2.0
1035497.33,3.08,1.5,22,1.25,2.0
516124.8,2.78,1.5,30,1.21,2.0
1709109.17,4.0,2.0,28,1.23,2.5
1449230.37,4.19,2.0,26,1.3,2.5
1361355.81,2.99,2.0,28,1.31,2.5
594468.64,2.19,2.0,22,1.33,2.5
741311.59,2.87,1.5,22,1.35,2.0
1818988.96,4.39,1.5,29,1.41,2.0
540413.01,3.22,3.0,18,1.11,3.5
1115553.39,2.53,1.5,26,1.12,2.0
450315.04,2.85,3.0,29,1.29,3.5
1014571.86,4.15,3.0,18,1.29,3.5
445476.25,2.03,1.5,25,1.29,2.0
1539514.74,4.11,1.5,23,1.24,2.0
1610841.66,3.72,1.5,24,1.25,2.0
1295009.17,3.58,2.5,24,1.24,3.0
700803.81,2.11,2.0,22,1.32,2.5
833331.29,2.25,3.0,23,1.14,3.5
1356937.94,4.37,1.5,24,1.3,2.0
912269.02,2.61,1.5,20,1.21,2.0
488605.49,2.49,1.5,18,1.49,2.0
635561.72,4.03,1.5,20,1.49,2.0
714066.31,4.31,2.0,20,1.49,2.5
1277108.0,3.51,1.5,29,1.28,2.0
377028.01,2.44,2.5,28,1.25,3.0
1352047.63,2.88,1.5,26,1.14,2.0
1081248.89,3.53,3.0,18,1.4,3.5
571058.73,2.03,2.0,24,1.41,2.5
884559.32,2.37,3.0,22,1.11,3.5
2010277.18,4.31,1.5,31,1.26,2.0
502046.45,2.11,2.5,25,1.42,3.0
1974322.56,4.19,3.0,20,1.28,3.5
915320.77,3.13,1.5,30,1.11,2.0
1865913.96,4.05,2.5,20,1.5,3.0
1291544.63,3.13,3.0,24,1.1,3.5
758620.8,2.23,2.5,27,1.14,3.0
456455.76,2.51,1.5,32,1.27,2.0
438333.41,2.89,2.0,29,1.3,2.5
1038672.88,3.52,2.0,31,1.43,2.5
1659101.63,4.25,1.5,18,1.45,2.0
1273522.79,4.44,2.5,27,1.24,3.0
2098361.46,4.48,1.5,26,1.26,2.0
1487441.01,3.62,2.0,24,1.43,2.5
1361867.0,4.23,1.5,31,1.25,2.0
1242618.39,3.54,3.0,18,1.43,3.5
1140158.9,2.85,2.0,22,1.42,2.5
2063767.31,4.37,2.0,20,1.21,2.5
1492624.14,4.42,3.0,23,1.46,3.5
972257.57,4.2,2.0,19,1.41,2.5
930373.77,2.87,2.0,21,1.43,2.5
740543.58,3.02,2.5,32,1.47,3.0
754174.88,3.42,3.0,32,1.22,3.5
356542.01,2.11,2.5,20,1.28,3.0
654004.86,3.69,2.0,19,1.18,2.5
648532.48,3.38,1.5,24,1.21,2.0
677610.42,3.0,1.5,29,1.4,2.0
1511279.65,3.41,2.5,31,1.2,3.0
1269504.79,3.63,2.0,28,1.15,2.5
1261698.02,3.02,2.0,31,1.34,2.5
1122578.82,2.95,2.0,28,1.28,2.5
322143.22,2.06,2.0,31,1.32,2.5
701309.01,3.53,3.0,28,1.48,3.5
1402531.7,4.05,1.5,30,1.29,2.0
983496.5,3.39,1.5,32,1.13,2.0
1199655.93,3.81,3.0,22,1.26,3.5
619296.47,3.68,1.5,25,1.17,2.0
836858.27,2.94,1.5,26,1.36,2.0
604786.8,3.36,2.5,23,1.44,3.0
1077042.3,2.74,1.5,28,1.21,2.0
779473.11,2.17,2.0,19,1.1,2.5
1578159.09,3.47,2.0,23,1.39,2.5
1616141.89,4.3,3.0,21,1.47,3.5
719560.99,2.87,2.5,26,1.4,3.0
1777609.4,3.93,2.0,30,1.38,2.5
814474.33,3.1,3.0,31,1.35,3.5
667151.24,2.69,1.5,27,1.23,2.0
438614.06,2.74,2.5,19,1.16,3.0
628799.77,3.79,2.0,29,1.36,2.5
1037128.21,3.77,3.0,20,1.12,3.5
1045112.9,2.86,2.5,18,1.16,3.0
1051830.28,3.12,1.5,22,1.46,2.0
508086.31,3.03,2.5,31,1.25,3.0
1728077.36,3.81,2.0,18,1.15,2.5
541412.96,3.55,1.5,27,1.37,2.0
728343.18,2.15,1.5,19,1.47,2.0
974945.14,4.08,3.0,28,1.19,3.5
442612.86,2.53,3.0,25,1.17,3.5
769441.75,2.13,2.5,22,1.5,3.0
632410.77,3.98,1.5,23,1.23,2.0
1351149.23,3.47,1.5,27,1.21,2.0
1441057.98,3.54,3.0,30,1.24,3.5
429428.68,2.0,2.0,30,1.39,2.5
1364983.22,4.47,2.0,31,1.36,2.5
809774.66,2.24,1.5,18,1.19,2.0
1490280.66,3.63,2.5,24,1.43,3.0
310379.89,2.06,1.5,24,1.38,2.0
690909.49,2.43,2.5,30,1.2,3.0
572042.46,3.29,2.5,23,1.45,3.0
1507998.03,3.69,2.5,30,1.41,3.0
1047022.39,3.29,2.5,18,1.15,3.0
1028155.24,3.91,2.5,21,1.16,3.0
559422.15,2.48,1.5,30,1.27,2.0
753857.63,3.22,2.0,31,1.29,2.5
881356.96,2.53,2.5,28,1.23,3.0
1186050.78,3.59,3.0,30,1.4,3.5
1267032.91,3.71,3.0,22,1.5,3.5
1708068.44,3.79,3.0,31,1.2,3.5
796427.7,3.12,3.0,27,1.49,3.5
964292.02,2.76,2.0,18,1.22,2.5
873491.4,3.46,2.0,20,1.31,2.5
689305.51,3.75,3.0,20,1.37,3.5
1138580.95,2.85,2.5,18,1.43,3.0
778969.22,2.11,1.5,24,1.24,2.0
1323567.44,4.07,2.5,27,1.38,3.0
1906873.99,4.21,2.0,19,1.23,2.5
1056723.07,4.17,2.0,21,1.13,2.5
1632923.25,4.4,2.0,32,1.49,2.5
557705.64,2.23,3.0,25,1.11,3.5
1591542.48,3.51,3.0,29,1.43,3.5
1227096.84,4.33,2.0,31,1.41,2.5
1550192.63,4.41,2.0,31,1.35,2.5
929838.12,2.48,1.5,18,1.3,2.0
1720087.35,4.31,1.5,25,1.38,2.0
1382236.68,3.02,2.0,24,1.29,2.5
1891218.58,4.19,2.5,29,1.41,3.0
613420.43,3.21,2.0,29,1.19,2.5
862940.56,3.73,3.0,21,1.4,3.5
840327.21,2.23,1.5,23,1.18,2.0
796565.83,2.66,1.5,24,1.18,2.0
750051.97,2.12,2.5,26,1.33,3.0
1014418.18,2.94,1.5,27,1.18,2.0
599704.97,2.01,1.5,27,1.18,2.0
1190741.7,3.12,3.0,28,1.46,3.5
1294682.75,3.11,2.0,22,1.18,2.5
1458523.98,3.65,3.0,28,1.43,3.5
1243661.08,3.81,1.5,25,1.1,2.0
901227.08,2.95,2.0,21,1.42,2.5
1530489.75,3.42,2.5,29,1.26,3.0
1422602.06,4.04,2.5,26,1.16,3.0
483879.92,2.47,2.5,24,1.49,3.0
725604.68,3.05,2.0,32,1.16,2.5
1254186.09,3.18,2.0,26,1.4,2.5
1024796.48,3.43,2.5,32,1.3,3.0
361857.37,2.14,3.0,23,1.21,3.5
1353473.81,4.14,2.0,25,1.19,2.5
700058.51,2.07,1.5,21,1.13,2.0
457062.73,3.12,3.0,19,1.35,3.5
747065.46,3.66,3.0,31,1.44,3.5
1117545.49,3.29,1.5,20,1.28,2.0
1055546.27,4.38,2.0,22,1.21,2.5
1363698.66,3.83,3.0,26,1.39,3.5
634098.85,2.78,2.5,27,1.49,3.0
1603583.36,3.39,2.5,31,1.35,3.0
429210.81,2.3,2.0,18,1.11,2.5
1732838.05,4.44,2.5,21,1.27,3.0
1167841.34,4.26,2.5,30,1.37,3.0
1712215.06,3.98,1.5,20,1.47,2.0
483504.35,2.56,2.5,22,1.49,3.0
1993409.38,4.21,3.0,22,1.42,3.5
734517.15,4.02,2.5,19,1.21,3.0
1731673.03,4.03,2.5,20,1.2,3.0
771790.43,3.31,3.0,29,1.22,3.5
672334.81,2.54,1.5,29,1.27,2.0
1180704.57,2.93,1.5,27,1.45,2.0
1145551.42,3.81,2.0,32,1.24,2.5
1175509.93,2.6,2.5,27,1.22,3.0
672370.21,4.46,2.0,32,1.48,2.5
948030.57,3.72,2.0,23,1.22,2.5
1363871.88,4.01,3.0,31,1.19,3.5
808181.61,2.53,3.0,22,1.45,3.5
1274701.89,2.73,2.5,20,1.23,3.0
1452154.29,3.56,1.5,30,1.33,2.0
1494469.78,3.95,1.5,21,1.45,2.0
1873004.14,4.22,2.0,20,1.48,2.5
586011.21,2.25,1.5,20,1.31,2.0
790087.48,3.03,1.5,25,1.2,2.0
768552.45,2.22,2.0,23,1.33,2.5
644011.26,4.11,2.5,18,1.46,3.0
449704.6,2.56,3.0,26,1.32,3.5
1211492.81,3.51,1.5,18,1.45,2.0
1724150.86,3.64,2.5,23,1.18,3.0
1169569.16,4.41,2.5,21,1.25,3.0
337628.07,2.23,2.0,18,1.13,2.5
692436.92,2.43,1.5,18,1.33,2.0
1786258.15,4.4,2.5,24,1.25,3.0
1605365.33,3.45,1.5,25,1.42,2.0
2027762.48,4.39,2.0,30,1.42,2.5
597330.43,3.54,2.5,24,1.18,3.0
989267.93,3.69,3.0,20,1.2,3.5
785018.88,3.19,3.0,23,1.1,3.5
737335.23,3.27,1.5,32,1.42,2.0
1406143.18,3.23,1.5,23,1.49,2.0
1735862.01,4.47,1.5,32,1.17,2.0
676057.07,2.34,2.5,31,1.44,3.0
1467039.64,4.16,2.0,31,1.16,2.5
1508424.87,3.33,1.5,28,1.14,2.0
505361.09,2.17,1.5,29,1.29,2.0
1378153.03,3.72,2.0,25,1.1,2.5
371644.87,2.2,1.5,25,1.49,2.0
1065374.68,3.0,3.0,19,1.29,3.5
436440.66,2.26,2.0,25,1.22,2.5
1880003.81,4.4,2.0,29,1.45,2.5
1047353.42,2.23,2.5,20,1.29,3.0
1724569.95,3.99,1.5,26,1.38,2.0
1469989.53,3.19,1.5,18,1.13,2.0
429829.1,2.08,2.5,19,1.27,3.0
1277028.76,3.27,2.5,24,1.42,3.0
975746.3,2.63,1.5,18,1.25,2.0
1548807.42,3.94,3.0,23,1.31,3.5
1421240.42,3.52,1.5,30,1.1,2.0
1077268.86,4.11,2.5,30,1.31,3.0
1484724.69,3.29,1.5,19,1.28,2.0
1237633.13,3.2,1.5,28,1.44,2.0
943836.42,3.83,2.5,19,1.38,3.0
1476277.22,3.9,2.0,29,1.27,2.5
1685039.53,3.95,1.5,25,1.42,2.0
1389145.8,3.25,3.0,22,1.32,3.5
994299.1,2.47,1.5,22,1.14,2.0
364324.98,2.5,3.0,18,1.19,3.5
1274015.42,3.01,2.5,23,1.22,3.0
587086.16,3.27,1.5,18,1.15,2.0
1359116.74,3.04,3.0,28,1.15,3.5
548405.22,2.67,2.5,20,1.5,3.0
904867.37,2.02,2.0,27,1.42,2.5
723805.77,2.57,3.0,18,1.41,3.5
1003058.57,3.1,3.0,20,1.46,3.5
959473.07,3.22,2.5,24,1.22,3.0
1127880.9,2.73,1.5,19,1.3,2.0
1237351.41,3.63,2.5,21,1.25,3.0
1745078.2,4.06,3.0,30,1.41,3.5
1349533.49,3.07,2.5,31,1.34,3.0
749051.94,2.88,2.0,28,1.3,2.5
647897.94,4.38,3.0,32,1.35,3.5
722362.73,2.79,3.0,18,1.15,3.5
542635.32,3.37,2.0,27,1.37,2.5
1430220.44,4.14,3.0,22,1.39,3.5
1849152.51,3.94,1.5,19,1.23,2.0
831002.93,4.46,1.5,21,1.35,2.0
1394987.51,4.01,2.0,20,1.21,2.5
878359.23,3.16,1.5,19,1.12,2.0
1305905.58,3.52,1.5,24,1.41,2.0
676510.68,3.94,2.5,29,1.12,3.0
591863.65,3.81,2.5,32,1.5,3.0
1310240.22,3.07,2.5,29,1.19,3.0
1052466.29,2.94,2.5,29,1.44,3.0
877460.74,2.38,3.0,27,1.48,3.5
885862.66,2.23,1.5,23,1.27,2.0
1737683.79,3.91,3.0,18,1.32,3.5
660112.33,3.34,2.5,21,1.22,3.0
985503.72,2.97,1.5,30,1.37,2.0
704668.06,3.67,1.5,29,1.35,2.0
1090463.28,2.77,1.5,27,1.2,2.0
597936.03,4.15,3.0,31,1.4,3.5
616967.97,3.48,2.0,19,1.17,2.5
868283.79,2.61,2.5,31,1.44,3.0
576607.21,3.15,3.0,24,1.41,3.5
786856.83,4.15,1.5,22,1.36,2.0
1178133.59,2.61,1.5,23,1.13,2.0
1385427.69,3.84,2.5,27,1.4,3.0
1333898.53,3.31,2.0,21,1.29,2.5
1071355.77,2.44,1.5,27,1.19,2.0
1336606.04,3.48,2.0,21,1.26,2.5
406034.02,2.07,3.0,23,1.28,3.5
1463234.42,3.61,3.0,20,1.34,3.5
1211418.67,3.98,2.5,21,1.16,3.0
946628.81,2.1,1.5,28,1.34,2.0
1863982.82,4.07,2.5,29,1.42,3.0
1163036.83,2.75,1.5,32,1.14,2.0
1347741.64,4.45,2.0,21,1.45,2.5
1030710.63,3.24,2.5,26,1.22,3.0
637279.49,3.17,2.0,22,1.42,2.5
510775.02,2.17,1.5,22,1.48,2.0
854383.57,3.53,3.0,25,1.34,3.5
806301.76,3.18,3.0,18,1.25,3.5
472778.27,3.09,1.5,19,1.48,2.0
1624755.89,3.66,2.5,27,1.35,3.0
1321000.82,3.82,1.5,27,1.34,2.0
658309.82,3.37,2.5,20,1.28,3.0
1958735.68,4.39,2.5,22,1.48,3.0
452682.82,3.13,2.5,18,1.34,3.0
793095.28,2.19,3.0,26,1.26,3.5
930920.17,4.04,1.5,26,1.35,2.0
1164470.19,3.86,2.0,18,1.37,2.5
903328.29,4.21,2.0,22,1.33,2.5
827753.17,2.01,2.0,18,1.11,2.5
1013271.58,2.65,2.5,32,1.34,3.0
1105598.84,3.23,2.0,31,1.13,2.5
1065607.47,2.8,1.5,28,1.38,2.0
1270463.27,3.66,1.5,20,1.43,2.0
1123155.33,3.39,1.5,30,1.12,2.0
1788248.6,4.3,2.5,31,1.45,3.0
927232.77,3.69,2.0,27,1.38,2.5
618622.2,2.57,1.5,27,1.29,2.0
1493265.53,4.24,2.5,23,1.39,3.0
1469692.08,3.42,2.0,22,1.35,2.5
1381229.15,4.44,2.0,24,1.15,2.5
1089913.05,3.58,1.5,25,1.28,2.0
1764386.79,4.41,2.0,32,1.26,2.5
1501559.72,3.17,3.0,32,1.46,3.5
842599.81,2.34,2.5,30,1.23,3.0
867899.66,2.2,3.0,24,1.46,3.5
833272.59,2.44,2.0,20,1.48,2.5
482221.57,2.89,3.0,29,1.42,3.5
896936.93,2.33,2.0,20,1.17,2.5
808800.7,3.46,2.0,23,1.44,2.5
1044423.42,2.28,1.5,32,1.3,2.0
1140040.32,3.36,1.5,29,1.27,2.0
487285.6,2.8,1.5,21,1.39,2.0
829832.85,4.4,2.0,21,1.5,2.5
739959.34,2.86,1.5,29,1.35,2.0
721026.09,3.68,2.5,19,1.47,3.0
874035.77,3.19,2.0,28,1.35,2.5
633962.4,2.93,2.0,32,1.14,2.5
1378961.41,4.27,2.0,21,1.14,2.5
1404740.65,3.23,2.0,20,1.25,2.5
1891336.96,4.46,1.5,19,1.46,2.0
1062116.29,2.48,3.0,23,1.23,3.5
980509.82,3.51,1.5,22,1.19,2.0
567660.9,3.43,2.0,18,1.4,2.5
1279327.67,3.76,3.0,24,1.19,3.5
1861497.02,4.45,2.5,18,1.29,3.0
610300.59,2.25,1.5,32,1.4,2.0
478087.96,2.11,2.5,30,1.37,3.0
1342898.95,3.37,2.5,26,1.18,3.0
1368850.17,4.49,1.5,31,1.38,2.0
691939.78,2.85,1.5,29,1.28,2.0
763621.66,2.62,1.5,32,1.4,2.0
1130396.24,4.17,1.5,18,1.19,2.0
647135.07,2.28,3.0,22,1.46,3.5
856837.81,3.21,2.0,23,1.4,2.5
805741.94,3.03,2.5,27,1.22,3.0
545926.03,2.75,2.0,22,1.5,2.5
552003.0,3.76,1.5,21,1.27,2.0
945651.27,2.78,2.5,29,1.12,3.0
1105216.45,3.48,3.0,30,1.43,3.5
1006218.3,4.48,1.5,27,1.31,2.0
446873.71,2.15,3.0,20,1.36,3.5
1421032.26,3.96,2.0,29,1.19,2.5
1014966.17,2.35,2.5,29,1.38,3.0
413218.22,2.76,2.5,26,1.43,3.0
1241730.55,3.72,3.0,26,1.47,3.5
1284587.16,4.48,3.0,20,1.32,3.5
886301.17,2.01,2.5,19,1.22,3.0
1155562.73,3.6,2.0,18,1.2,2.5
699162.59,2.39,2.0,29,1.18,2.5
1924113.93,4.17,2.5,18,1.16,3.0
518724.71,2.24,2.0,19,1.17,2.5
1116829.46,2.51,1.5,30,1.26,2.0
938621.24,3.93,3.0,25,1.31,3.5
559994.29,3.23,1.5,21,1.48,2.0
873766.79,4.35,3.0,20,1.49,3.5
1508986.38,4.27,1.5,18,1.33,2.0
577076.36,2.34,2.0,20,1.36,2.5
539891.87,2.2,2.5,32,1.33,3.0
467789.54,2.0,3.0,23,1.48,3.5
849047.17,3.12,2.0,19,1.38,2.5
1257910.22,3.29,2.0,21,1.43,2.5
1143311.21,4.33,3.0,20,1.41,3.5
455918.34,2.04,3.0,29,1.16,3.5
1197885.26,2.71,3.0,28,1.31,3.5
402582.44,2.15,2.0,22,1.2,2.5
1762727.49,4.09,1.5,21,1.31,2.0
752006.44,3.1,1.5,28,1.16,2.0
1521911.69,4.22,1.5,22,1.35,2.0
519379.09,2.52,2.0,32,1.24,2.5
617225.9,2.9,1.5,29,1.36,2.0
723801.64,3.99,1.5,31,1.4,2.0
614290.92,3.71,1.5,25,1.12,2.0
1098272.6,2.74,3.0,26,1.19,3.5
476494.28,2.75,1.5,29,1.3,2.0
712079.22,2.38,2.0,30,1.11,2.5
1518055.97,4.04,2.5,25,1.47,3.0
1508104.43,3.39,1.5,22,1.36,2.0
563452.28,3.58,2.0,28,1.44,2.5
936313.43,4.05,1.5,31,1.43,2.0
1506481.12,3.29,3.0,30,1.29,3.5
562026.3,2.94,2.0,20,1.42,2.5
635307.83,2.02,1.5,24,1.19,2.0
562822.4,2.23,2.5,29,1.13,3.0
721147.49,2.43,2.0,18,1.15,2.5
623506.63,2.73,3.0,25,1.14,3.5
1091266.62,2.87,2.5,22,1.14,3.0
1534247.94,3.74,2.5,22,1.37,3.0
521298.43,2.64,2.5,19,1.39,3.0
534542.51,3.13,1.5,18,1.48,2.0
1240971.79,3.88,2.5,18,1.22,3.0
1504408.65,4.48,3.0,29,1.44,3.5
1142051.72,3.05,3.0,31,1.36,3.5
1120198.11,4.04,3.0,32,1.17,3.5
782232.0,2.36,2.5,22,1.38,3.0
970013.46,4.4,3.0,29,1.34,3.5
613728.01,2.12,3.0,29,1.22,3.5
891180.75,3.02,3.0,30,1.4,3.5
844455.87,4.34,2.5,24,1.15,3.0
971840.02,2.31,3.0,24,1.38,3.5
1107529.64,2.93,3.0,21,1.45,3.5
1009440.09,2.95,3.0,26,1.41,3.5
1396860.55,4.35,1.5,20,1.16,2.0
497570.4,2.19,2.0,23,1.17,2.5
1600347.08,4.14,2.5,27,1.11,3.0
1136611.77,2.75,2.5,29,1.42,3.0
1435857.85,3.53,3.0,31,1.44,3.5
660721.12,3.86,2.5,21,1.34,3.0
1211410.35,3.28,3.0,24,1.43,3.5
350715.51,2.24,2.0,22,1.18,2.5
1598674.35,3.55,3.0,25,1.1,3.5
807039.22,2.1,1.5,27,1.32,2.0
391453.52,2.12,2.0,24,1.3,2.5
1557736.78,4.25,3.0,18,1.49,3.5
681299.64,4.41,1.5,29,1.38,2.0
822734.22,2.91,2.5,32,1.1,3.0
623744.77,3.22,2.5,21,1.3,3.0
542299.8,3.65,1.5,18,1.41,2.0
1025251.23,4.41,1.5,27,1.17,2.0
808013.39,4.18,2.5,24,1.11,3.0
1072288.88,2.31,2.5,28,1.44,3.0
1388395.11,3.18,1.5,32,1.34,2.0
605839.46,3.93,3.0,23,1.5,3.5
1459182.69,3.17,1.5,29,1.41,2.0
1082936.42,3.91,2.0,30,1.27,2.5
661658.22,2.92,2.0,32,1.12,2.5
669288.53,3.01,1.5,32,1.46,2.0
1308705.81,3.27,3.0,32,1.42,3.5
602992.93,3.51,2.5,27,1.11,3.0
1079101.38,3.38,1.5,23,1.17,2.0
1078000.84,3.85,1.5,22,1.11,2.0
1617396.0,4.41,1.5,29,1.2,2.0
1180362.03,3.48,2.5,32,1.45,3.0
966796.09,4.3,3.0,18,1.22,3.5
1446587.21,3.56,2.5,26,1.3,3.0
983409.1,4.33,1.5,18,1.49,2.0
1707801.18,3.86,3.0,24,1.27,3.5
1237711.1,3.54,2.0,20,1.24,2.5
1350070.49,4.22,1.5,32,1.41,2.0
1038771.51,2.33,2.0,29,1.38,2.5
787464.61,4.49,2.0,32,1.45,2.5
783053.19,2.16,2.5,30,1.17,3.0
934358.1,2.39,1.5,19,1.17,2.0
577068.89,2.3,2.0,19,1.17,2.5
428588.78,2.87,2.0,21,1.32,2.5
740864.69,2.11,1.5,21,1.38,2.0
519970.29,3.32,2.0,27,1.11,2.5
1035624.44,2.51,3.0,32,1.49,3.5
963263.62,3.2,2.0,31,1.23,2.5
1092599.28,4.22,2.0,25,1.48,2.5
445620.1,2.22,3.0,30,1.36,3.5
1369767.24,3.38,1.5,30,1.31,2.0
728028.39,3.21,2.0,20,1.1,2.5
1482404.7,3.74,3.0,29,1.41,3.5
365664.35,2.0,1.5,25,1.48,2.0
970311.72,3.98,3.0,25,1.39,3.5
1817395.33,4.34,3.0,29,1.16,3.5
634250.11,4.12,2.5,23,1.1,3.0
703287.95,2.13,2.0,30,1.41,2.5
667172.85,3.79,2.5,25,1.4,3.0
524009.74,2.89,2.5,24,1.3,3.0
1127567.38,2.68,2.5,27,1.27,3.0
440073.55,2.87,2.5,30,1.26,3.0
745438.11,3.52,1.5,30,1.37,2.0
575586.99,3.28,2.0,21,1.16,2.5
1664219.3,3.96,3.0,32,1.2,3.5
1414692.41,3.8,3.0,19,1.36,3.5
1096933.94,3.09,2.5,27,1.12,3.0
871597.85,3.38,1.5,27,1.49,2.0
385558.73,2.23,1.5,30,1.27,2.0
1182126.93,4.36,3.0,26,1.35,3.5
1990236.96,4.19,1.5,19,1.32,2.0
659023.69,2.18,3.0,28,1.21,3.5
1024673.97,2.69,1.5,31,1.4,2.0
493870.75,2.7,1.5,19,1.15,2.0
1012647.19,2.14,1.5,29,1.24,2.0
1728706.4,4.38,3.0,19,1.27,3.5
1184484.17,2.55,1.5,23,1.46,2.0
1093843.21,3.35,3.0,25,1.21,3.5
1047024.24,3.43,3.0,27,1.47,3.5
1770871.79,4.29,1.5,19,1.23,2.0
608757.7,3.59,2.0,32,1.47,2.5
707703.59,2.59,2.5,31,1.26,3.0
511300.81,3.44,2.0,21,1.15,2.5
1011572.44,3.74,2.5,22,1.28,3.0
863895.12,3.27,3.0,21,1.34,3.5
1062438.05,3.1,2.5,27,1.12,3.0
414838.86,2.31,3.0,19,1.23,3.5
452900.86,2.34,3.0,31,1.19,3.5
1201250.98,3.77,2.0,28,1.42,2.5
586623.19,2.09,3.0,29,1.27,3.5
1157732.96,3.47,3.0,24,1.23,3.5
1735096.82,3.8,2.0,26,1.28,2.5
1639676.87,4.2,2.0,26,1.13,2.5
721651.06,2.51,1.5,31,1.17,2.0
989139.98,2.44,1.5,27,1.16,2.0
488737.87,3.27,2.5,25,1.41,3.0
950934.75,2.98,2.0,28,1.46,2.5
442888.53,2.38,2.0,20,1.42,2.5
580405.85,2.0,2.0,22,1.42,2.5
1406203.8,4.32,3.0,29,1.39,3.5
872293.23,4.05,1.5,28,1.45,2.0
340829.45,2.35,2.0,28,1.12,2.5
691398.78,3.75,3.0,18,1.34,3.5
1285891.21,3.29,1.5,25,1.28,2.0
743048.3,2.94,3.0,19,1.43,3.5
1512764.0,3.56,2.5,26,1.34,3.0
599591.09,2.15,3.0,22,1.2,3.5
681261.26,4.02,2.5,27,1.23,3.0
885683.77,3.59,2.5,21,1.46,3.0
537426.57,2.82,3.0,27,1.37,3.5
955283.73,2.18,2.5,27,1.49,3.0
674231.8,2.45,2.5,29,1.12,3.0
989840.94,3.7,2.5,26,1.49,3.0
1563133.82,4.06,2.0,24,1.11,2.5
803492.98,2.79,2.5,32,1.28,3.0
440838.15,2.89,1.5,28,1.38,2.0
911425.16,3.3,2.0,26,1.44,2.5
1331513.22,3.76,2.5,19,1.11,3.0
1049909.09,3.56,3.0,32,1.42,3.5
1204444.93,3.2,2.0,28,1.42,2.5
912177.72,3.16,2.0,21,1.49,2.5
1119957.76,2.71,2.5,18,1.4,3.0
1145245.71,2.85,1.5,18,1.29,2.0
1545600.86,3.27,3.0,19,1.22,3.5
664566.69,2.45,1.5,31,1.41,2.0
1753925.56,3.85,1.5,22,1.49,2.0
856357.24,3.11,1.5,32,1.43,2.0
787402.5,2.6,1.5,19,1.22,2.0
1091272.63,3.58,2.5,18,1.32,3.0
866320.42,3.32,2.0,21,1.34,2.5
585638.26,2.5,1.5,23,1.11,2.0
654991.79,3.77,1.5,27,1.24,2.0
476047.11,2.08,2.0,19,1.23,2.5
1273764.6,4.18,1.5,29,1.41,2.0
1138060.76,4.35,2.0,29,1.14,2.5
1122146.2,3.99,2.5,25,1.34,3.0
1065967.48,2.73,2.5,21,1.25,3.0
1308869.29,3.87,1.5,21,1.11,2.0
799875.57,2.04,3.0,20,1.38,3.5
1018896.04,3.14,2.5,23,1.37,3.0
578905.66,3.91,1.5,20,1.12,2.0
1815571.27,3.97,2.5,18,1.45,3.0
1764270.71,4.2,2.0,23,1.17,2.5
1201822.45,2.81,1.5,19,1.47,2.0
1243747.31,2.76,1.5,25,1.28,2.0
1226761.08,4.04,1.5,23,1.17,2.0
1419339.31,3.39,2.0,27,1.36,2.5
1056266.84,2.54,3.0,20,1.45,3.5
1293195.98,2.76,3.0,21,1.13,3.5
695427.62,3.0,2.5,24,1.47,3.0
1048741.16,4.01,2.5,21,1.14,3.0
939279.79,4.42,3.0,25,1.19,3.5
973468.9,2.48,3.0,32,1.32,3.5
1157805.42,3.03,1.5,23,1.19,2.0
523238.19,2.11,3.0,31,1.32,3.5
1076693.12,2.45,1.5,32,1.35,2.0
584448.24,2.14,2.0,25,1.1,2.5
994972.78,2.88,2.0,30,1.33,2.5
695262.66,3.95,2.0,28,1.18,2.5
696267.12,2.46,2.5,22,1.3,3.0
1346731.79,4.09,1.5,21,1.1,2.0
1048544.85,3.47,2.5,21,1.32,3.0
1070429.65,3.66,1.5,32,1.25,2.0
1505413.87,3.87,3.0,21,1.11,3.5
1626358.8,3.85,1.5,31,1.19,2.0
1446141.48,3.18,3.0,27,1.32,3.5
418134.8,2.11,2.5,27,1.48,3.0
1494956.56,3.17,2.5,23,1.4,3.0
579284.3,2.58,1.5,31,1.44,2.0
889941.33,2.03,2.5,21,1.28,3.0
469744.89,2.32,1.5,32,1.25,2.0
1632212.95,4.37,3.0,32,1.11,3.5
976235.99,2.41,2.5,29,1.49,3.0
1794132.05,3.8,3.0,18,1.24,3.5
901563.33,3.52,2.0,26,1.2,2.5
1071612.54,2.53,3.0,18,1.42,3.5
512033.84,2.54,2.5,28,1.14,3.0
938027.46,3.38,1.5,29,1.31,2.0
1168052.81,3.4,3.0,28,1.25,3.5
821122.13,2.51,2.5,18,1.41,3.0
975106.83,4.03,2.5,26,1.31,3.0
941403.23,3.53,2.5,21,1.44,3.0
1865902.38,4.26,3.0,28,1.5,3.5
1359513.6,2.91,3.0,21,1.16,3.5
992855.42,2.51,3.0,31,1.13,3.5
841235.93,2.1,2.0,24,1.14,2.5
722519.97,2.02,3.0,18,1.11,3.5
1127695.33,2.72,2.0,21,1.37,2.5
912595.77,3.79,1.5,30,1.31,2.0
1151489.3,3.39,2.0,24,1.46,2.5
903193.13,2.57,1.5,23,1.36,2.0
734422.7,3.91,1.5,28,1.39,2.0
561984.25,3.71,3.0,20,1.39,3.5
754861.89,2.53,2.5,19,1.14,3.0
1193367.21,3.3,2.5,31,1.22,3.0
449062.05,2.69,3.0,20,1.11,3.5
906449.54,3.14,2.0,19,1.33,2.5
555507.69,2.29,2.5,20,1.42,3.0
1393774.62,4.43,2.0,30,1.19,2.5
1285448.33,3.5,2.0,23,1.41,2.5
435219.37,2.06,1.5,25,1.29,2.0
1777459.55,4.27,2.5,23,1.46,3.0
1270372.39,3.27,3.0,18,1.4,3.5
458376.25,2.58,1.5,26,1.13,2.0
577557.61,3.84,3.0,28,1.23,3.5
348535.64,2.16,1.5,19,1.14,2.0
1259727.28,3.74,1.5,18,1.23,2.0
1532715.91,4.34,2.0,19,1.46,2.5
1649789.06,3.79,1.5,18,1.23,2.0
1064490.19,4.29,3.0,31,1.48,3.5
1347651.42,4.35,1.5,19,1.11,2.0
746943.92,2.45,3.0,31,1.49,3.5
1249665.12,3.17,1.5,32,1.48,2.0
967604.77,2.79,2.5,31,1.37,3.0
1378629.28,3.29,3.0,30,1.48,3.5
914655.75,3.56,1.5,23,1.35,2.0
1052340.4,3.18,3.0,31,1.5,3.5
1364666.27,3.53,3.0,25,1.33,3.5
960694.21,2.6,1.5,30,1.22,2.0
699828.81,4.45,1.5,20,1.17,2.0
1481955.3,3.82,2.0,28,1.48,2.5
808674.87,2.11,2.0,22,1.4,2.5
644409.35,3.29,1.5,19,1.37,2.0
1342272.78,2.83,3.0,26,1.19,3.5
619365.24,3.26,1.5,28,1.48,2.0
1052519.56,2.4,2.0,25,1.33,2.5
497577.15,2.06,2.0,21,1.29,2.5
505023.14,2.85,3.0,20,1.45,3.5
802140.85,3.28,2.5,27,1.13,3.0
1241213.66,4.37,3.0,19,1.38,3.5
683636.1,2.14,3.0,24,1.47,3.5
499564.92,2.25,2.0,24,1.4,2.5
1178907.36,3.6,2.5,32,1.41,3.0
335695.44,2.32,1.5,27,1.48,2.0
1201602.6,3.01,2.0,30,1.22,2.5
1391178.87,2.99,1.5,19,1.32,2.0
429564.3,2.28,2.5,24,1.19,3.0
504721.75,3.34,2.0,31,1.34,2.5
1130076.51,3.45,2.0,28,1.46,2.5
805763.15,4.25,3.0,29,1.13,3.5
500172.62,2.09,1.5,32,1.36,2.0
395805.98,2.3,3.0,19,1.15,3.5
802397.36,3.49,2.5,19,1.46,3.0
566017.13,2.9,2.0,27,1.17,2.5
839479.4,4.39,2.0,19,1.38,2.5
1228756.2,3.49,2.0,29,1.47,2.5
1464529.63,3.62,2.5,29,1.22,3.0
549104.19,2.45,2.5,23,1.36,3.0
765015.67,3.09,3.0,24,1.13,3.5
1635925.58,3.79,2.5,24,1.19,3.0
1575933.48,3.41,2.5,25,1.15,3.0
1225214.85,4.0,2.0,25,1.15,2.5
853318.15,3.19,3.0,26,1.41,3.5
1591887.98,3.37,1.5,19,1.38,2.0
840234.2,3.0,3.0,31,1.36,3.5
1120642.45,4.12,2.5,20,1.18,3.0
1033399.3,2.3,1.5,21,1.33,2.0
1221266.02,2.58,3.0,23,1.27,3.5
1771092.55,4.45,2.5,25,1.48,3.0
874057.18,3.5,2.0,22,1.13,2.5
1027610.01,2.55,3.0,20,1.41,3.5
585993.49,2.75,3.0,19,1.49,3.5
743397.55,4.45,2.5,18,1.22,3.0
905216.91,2.72,3.0,22,1.35,3.5
719995.16,4.04,2.5,22,1.25,3.0
818448.15,2.6,2.0,32,1.36,2.5
1298391.51,3.98,3.0,22,1.36,3.5
826113.76,2.03,2.0,27,1.49,2.5
374226.95,2.42,1.5,20,1.14,2.0
949363.76,4.23,3.0,20,1.16,3.5
1162081.78,4.03,2.5,25,1.15,3.0
1582559.18,4.15,3.0,26,1.25,3.5
577262.85,2.73,2.5,25,1.41,3.0
1034409.39,2.53,2.5,26,1.4,3.0
438483.38,2.86,1.5,18,1.24,2.0
730722.04,2.11,1.5,24,1.36,2.0
447560.58,2.96,1.5,21,1.44,2.0
843264.79,2.07,1.5,30,1.4,2.0
990095.81,4.18,1.5,30,1.21,2.0
1531342.4,4.15,1.5,30,1.47,2.0
1515037.42,3.59,3.0,26,1.3,3.5
1614124.47,4.04,2.0,21,1.23,2.5
1148397.18,2.84,1.5,25,1.24,2.0
1022486.43,2.45,2.0,28,1.16,2.5
540284.23,2.91,2.0,31,1.18,2.5
1109520.43,3.13,1.5,21,1.45,2.0
1346253.68,3.3,2.0,26,1.32,2.5
939552.83,2.87,1.5,28,1.17,2.0
1419642.39,4.17,1.5,22,1.35,2.0
999276.59,2.14,2.0,19,1.27,2.5
831838.74,4.48,2.5,26,1.13,3.0
1038658.99,3.08,3.0,19,1.21,3.5
1029301.06,2.34,2.5,18,1.35,3.0
785241.86,3.63,2.0,32,1.3,2.5
1399955.52,3.38,2.5,23,1.21,3.0
732952.07,3.51,2.0,25,1.41,2.5
1650877.52,3.89,2.0,31,1.12,2.5
388859.3,2.33,3.0,26,1.21,3.5
295233.89,2.05,2.5,22,1.24,3.0
690531.32,3.96,1.5,25,1.14,2.0
1313877.91,3.34,2.5,18,1.28,3.0
1138628.31,4.21,1.5,19,1.22,2.0
1070015.1,2.26,3.0,31,1.45,3.5
624052.47,3.31,1.5,19,1.4,2.0
727599.04,3.05,3.0,21,1.43,3.5
854650.28,2.75,3.0,28,1.23,3.5
1891934.79,4.2,3.0,23,1.2,3.5
397497.95,2.68,3.0,26,1.49,3.5
544890.66,3.36,1.5,30,1.49,2.0
588784.61,2.33,3.0,26,1.34,3.5
604071.2,2.03,2.5,28,1.38,3.0
1729899.19,4.48,2.0,32,1.13,2.5
1384686.53,4.06,1.5,20,1.46,2.0
1061329.48,4.07,3.0,21,1.32,3.5
582763.97,2.63,2.0,25,1.23,2.5
1068673.98,4.42,2.5,18,1.23,3.0
1480894.71,3.87,3.0,21,1.12,3.5
2073421.36,4.49,2.0,25,1.39,2.5
1106863.42,2.66,2.5,24,1.47,3.0
1494166.51,3.15,2.5,19,1.42,3.0
823408.93,4.35,2.0,32,1.42,2.5
1424833.18,3.02,2.0,27,1.36,2.5
1381724.24,4.12,1.5,18,1.39,2.0
522862.95,3.43,2.0,28,1.33,2.5
751932.04,2.41,3.0,26,1.4,3.5
780459.37,3.26,3.0,25,1.1,3.5
1093904.92,4.39,2.5,19,1.22,3.0
1965480.93,4.14,2.0,28,1.16,2.5
883013.89,2.24,3.0,19,1.41,3.5
1463244.48,3.69,1.5,23,1.5,2.0
887677.28,2.89,1.5,24,1.29,2.0
710593.78,4.34,2.0,18,1.23,2.5
733715.24,3.15,1.5,20,1.13,2.0
1338569.89,3.59,2.0,22,1.26,2.5
1061061.78,3.72,2.5,29,1.24,3.0
1535884.07,3.59,2.0,21,1.4,2.5
866482.88,3.3,2.0,19,1.24,2.5
674557.97,3.21,3.0,25,1.38,3.5
1802521.07,4.23,2.5,30,1.19,3.0
1377878.16,3.05,3.0,29,1.44,3.5
1250664.73,3.03,2.5,29,1.46,3.0
951123.62,3.72,2.5,29,1.36,3.0
1319190.46,3.55,1.5,29,1.17,2.0
513717.19,2.87,2.0,21,1.4,2.5
517618.07,3.01,2.0,27,1.19,2.5
550403.53,3.37,3.0,29,1.39,3.5
1086063.4,3.12,3.0,19,1.3,3.5
835838.92,2.43,2.0,28,1.49,2.5
850387.42,2.65,2.0,18,1.49,2.5
1528124.05,3.5,2.5,23,1.3,3.0
614342.52,3.61,2.5,29,1.11,3.0
887746.43,2.38,1.5,18,1.48,2.0
854116.19,2.73,3.0,22,1.35,3.5
311472.83,2.16,1.5,25,1.16,2.0
997842.1,4.08,3.0,31,1.36,3.5
661345.64,3.7,2.5,29,1.18,3.0
780796.87,2.5,1.5,26,1.15,2.0
1435897.81,4.43,1.5,18,1.12,2.0
1795437.27,4.37,2.0,32,1.13,2.5
689363.42,3.23,3.0,19,1.24,3.5
754617.07,3.86,2.5,26,1.44,3.0
745143.74,4.31,3.0,25,1.2,3.5
1296966.12,3.08,1.5,32,1.39,2.0
1039612.74,3.6,2.0,19,1.49,2.5
793838.69,2.46,2.0,32,1.36,2.5
1710215.67,3.71,1.5,30,1.14,2.0
1026135.65,3.6,2.0,22,1.27,2.5
531913.07,2.24,3.0,27,1.42,3.5
1109188.1,2.37,2.0,29,1.16,2.5
523720.95,3.63,2.5,28,1.29,3.0
590658.26,2.44,1.5,20,1.33,2.0
1827077.53,4.19,2.5,20,1.42,3.0
964154.72,3.09,2.0,24,1.12,2.5
371629.27,2.12,2.5,28,1.15,3.0
1258763.39,4.44,1.5,24,1.19,2.0
1317211.52,3.49,2.0,22,1.24,2.5
1307162.63,2.83,1.5,29,1.45,2.0
1246066.84,3.15,2.5,20,1.27,3.0
884279.2,2.49,1.5,32,1.17,2.0
875212.45,3.87,3.0,27,1.48,3.5
750142.85,3.11,3.0,20,1.25,3.5
1796910.8,4.17,2.0,25,1.24,2.5
519704.89,2.1,1.5,21,1.29,2.0
575641.12,3.99,2.0,18,1.42,2.5
1082531.88,2.62,2.5,28,1.32,3.0
1011493.83,3.78,2.5,22,1.35,3.0
963774.6,4.31,1.5,32,1.2,2.0
1169825.63,3.79,2.5,19,1.23,3.0
593323.81,2.68,2.5,32,1.39,3.0
1097522.32,3.28,1.5,24,1.37,2.0
853572.83,2.02,1.5,28,1.2,2.0
409950.58,2.65,1.5,20,1.37,2.0
589019.82,3.57,1.5,24,1.36,2.0
1582365.53,3.7,3.0,26,1.23,3.5
814714.58,2.64,2.5,18,1.39,3.0
945367.32,2.87,2.5,19,1.25,3.0
966826.65,3.93,1.5,23,1.27,2.0
1223498.04,3.16,2.0,19,1.27,2.5
727446.43,2.28,2.0,28,1.49,2.5
906348.37,2.04,2.0,31,1.21,2.5
959056.74,3.58,2.5,22,1.26,3.0
725390.42,3.42,2.0,24,1.45,2.5
1203363.62,3.98,1.5,30,1.26,2.0
869563.03,4.29,2.5,21,1.26,3.0
1101837.88,4.28,1.5,30,1.45,2.0
863790.04,4.43,3.0,18,1.25,3.5
947180.69,2.11,3.0,28,1.33,3.5
360229.34,2.37,1.5,21,1.3,2.0
949090.04,2.65,1.5,27,1.47,2.0
945226.55,2.09,3.0,31,1.1,3.5
1004528.72,3.69,3.0,25,1.12,3.5
586122.24,3.89,1.5,23,1.33,2.0
644987.58,2.87,1.5,23,1.29,2.0
1192918.85,3.73,2.5,32,1.15,3.0
874176.28,3.81,1.5,27,1.3,2.0
762291.75,4.12,1.5,31,1.37,2.0
1768345.86,3.97,2.0,25,1.43,2.5
1652785.1,4.39,2.0,32,1.21,2.5
593391.81,3.81,1.5,27,1.25,2.0
1336086.77,4.13,1.5,22,1.25,2.0
1180104.36,4.46,2.0,19,1.23,2.5
1229009.52,2.96,1.5,27,1.26,2.0
644437.91,3.94,3.0,29,1.28,3.5
680609.98,3.92,1.5,25,1.17,2.0
750977.2,2.24,2.0,23,1.21,2.5
1399745.58,3.59,3.0,29,1.44,3.5
1554314.44,3.44,1.5,20,1.29,2.0
892668.89,3.72,1.5,19,1.1,2.0
1107705.23,3.33,3.0,28,1.17,3.5
559018.81,2.94,1.5,18,1.24,2.0
1558738.55,3.54,1.5,23,1.18,2.0
918873.31,3.64,1.5,20,1.28,2.0
1758483.2,3.77,2.5,21,1.2,3.0
939013.65,2.5,1.5,28,1.25,2.0
912664.74,3.49,2.5,24,1.24,3.0
1029703.36,2.26,2.0,29,1.1,2.5
486113.46,2.11,1.5,27,1.46,2.0
1104908.93,2.82,1.5,24,1.44,2.0
350303.32,2.29,2.0,22,1.48,2.5
481939.31,2.28,3.0,28,1.37,3.5
671717.73,3.8,2.5,27,1.25,3.0
773560.92,3.65,2.5,18,1.27,3.0
1010521.9,3.04,2.5,27,1.2,3.0
512659.07,2.19,2.0,19,1.12,2.5
1053343.48,3.88,1.5,24,1.19,2.0
1061113.53,2.49,2.0,27,1.32,2.5
1386019.37,3.05,2.5,18,1.35,3.0
1582661.98,3.58,3.0,22,1.13,3.5
832820.47,2.63,3.0,21,1.43,3.5
356739.8,2.44,2.0,25,1.36,2.5
1214031.84,2.93,2.5,25,1.33,3.0
902868.02,3.63,3.0,20,1.11,3.5
1502079.03,3.33,2.5,22,1.37,3.0
385232.02,2.64,2.5,27,1.23,3.0
855648.4,3.52,1.5,31,1.42,2.0
1661945.44,3.71,2.5,19,1.15,3.0
608185.22,2.43,2.0,23,1.28,2.5
905634.63,2.79,1.5,21,1.15,2.0
1254295.12,3.85,2.5,20,1.18,3.0
1255194.3,4.33,1.5,28,1.46,2.0
1388156.12,3.64,3.0,21,1.41,3.5
692460.35,3.78,2.5,25,1.34,3.0
885049.14,3.36,2.5,19,1.42,3.0
588901.08,3.95,2.0,26,1.45,2.5
1749990.74,4.31,2.0,29,1.41,2.5
656314.08,4.18,2.0,22,1.1,2.5
1080780.65,2.44,3.0,30,1.37,3.5
1030497.72,2.4,2.5,30,1.18,3.0
836140.59,4.2,2.5,26,1.46,3.0
1093786.0,3.29,2.5,18,1.24,3.0
643117.74,3.0,3.0,24,1.1,3.5
1168829.82,3.19,2.0,23,1.1,2.5
1665557.75,3.85,2.5,24,1.28,3.0
535541.91,2.02,2.5,27,1.39,3.0
1633402.37,4.5,2.0,23,1.22,2.5
1598411.66,4.17,2.5,30,1.42,3.0
1211817.53,3.33,1.5,26,1.29,2.0
832690.37,2.19,1.5,28,1.34,2.0
617822.69,2.34,2.5,22,1.37,3.0
833028.17,2.14,2.0,27,1.36,2.5
652039.59,2.39,2.0,18,1.37,2.5
1999644.21,4.39,1.5,26,1.3,2.0
1267685.76,2.8,2.5,24,1.13,3.0
850410.59,2.48,1.5,26,1.42,2.0
719678.82,2.33,2.0,27,1.44,2.5
1410471.58,3.15,2.5,29,1.43,3.0
1246944.61,3.09,1.5,20,1.44,2.0
1680468.5,4.24,1.5,27,1.13,2.0
1565887.72,3.71,3.0,29,1.12,3.5
557649.66,3.16,2.5,32,1.26,3.0
494975.86,2.89,2.0,29,1.15,2.5
1610040.54,4.34,2.5,32,1.28,3.0
673758.38,2.54,2.0,22,1.32,2.5
593686.51,2.04,2.5,18,1.27,3.0
1303984.53,4.38,2.0,20,1.43,2.5
1154806.98,4.24,1.5,24,1.37,2.0
1512887.83,3.77,1.5,24,1.1,2.0
1357481.82,3.4,3.0,20,1.13,3.5
980573.74,4.28,2.0,32,1.22,2.5
849832.6,2.35,3.0,29,1.14,3.5
593323.55,3.94,3.0,19,1.47,3.5
1217866.3,3.35,2.5,21,1.34,3.0
535682.76,2.8,3.0,19,1.22,3.5
324425.62,2.27,2.0,31,1.13,2.5
696549.22,4.45,1.5,21,1.16,2.0
493351.27,2.01,2.5,19,1.11,3.0
822837.69,2.89,1.5,30,1.24,2.0
1776055.39,3.83,3.0,23,1.45,3.5
631747.07,4.17,1.5,29,1.47,2.0
756052.82,3.1,3.0,19,1.37,3.5
683541.82,2.6,2.0,18,1.22,2.5
656618.71,2.8,2.0,27,1.4,2.5
762079.18,4.35,1.5,25,1.17,2.0
496778.13,2.78,2.5,31,1.43,3.0
864314.37,2.31,1.5,25,1.33,2.0
663055.53,4.28,3.0,26,1.19,3.5
900611.4,3.56,3.0,19,1.24,3.5
1956411.35,4.15,2.5,30,1.43,3.0
455970.93,2.59,1.5,19,1.13,2.0
709348.45,3.9,2.5,24,1.16,3.0
1789495.83,4.04,1.5,22,1.45,2.0
1426649.84,3.94,3.0,25,1.16,3.5
555438.08,2.06,1.5,27,1.36,2.0
631450.34,2.3,3.0,29,1.18,3.5
1475801.81,4.07,2.0,32,1.45,2.5
841488.03,2.09,2.5,29,1.21,3.0
854577.73,2.01,1.5,24,1.45,2.0
526878.86,3.45,1.5,31,1.29,2.0
1184913.93,3.29,3.0,27,1.25,3.5
629166.6,2.59,2.5,29,1.27,3.0
1131422.11,4.2,1.5,28,1.17,2.0
1016843.51,3.33,2.0,22,1.48,2.5
352051.4,2.22,3.0,27,1.21,3.5
1068837.22,3.8,3.0,22,1.38,3.5
905387.84,2.58,2.0,28,1.42,2.5
842049.94,4.11,2.5,26,1.15,3.0
1018094.65,2.18,1.5,26,1.1,2.0
1080637.24,2.96,3.0,22,1.45,3.5
1251464.05,2.8,3.0,30,1.28,3.5
489411.31,3.09,1.5,32,1.2,2.0
1210365.8,4.43,1.5,28,1.29,2.0
1325383.51,4.06,2.5,24,1.13,3.0
557632.2,2.81,1.5,26,1.22,2.0
400212.09,2.45,2.0,24,1.33,2.5
1342276.96,3.53,1.5,25,1.15,2.0
1264634.5,2.74,2.5,22,1.27,3.0
1180413.86,3.35,2.5,20,1.42,3.0
1713188.95,3.85,2.0,30,1.35,2.5
983216.03,2.2,2.0,19,1.26,2.5
670390.27,4.11,2.5,18,1.44,3.0
672723.91,3.8,2.0,31,1.35,2.5
1126611.03,3.52,3.0,24,1.16,3.5
490311.85,2.41,1.5,20,1.27,2.0
432494.13,2.95,3.0,21,1.35,3.5
301612.43,2.09,1.5,31,1.27,2.0
852567.85,2.58,3.0,21,1.41,3.5
710527.7,2.32,1.5,18,1.25,2.0
826936.29,2.02,1.5,23,1.5,2.0
925754.7,3.27,3.0,28,1.26,3.5
567488.31,2.54,2.0,18,1.38,2.5
401735.74,2.02,3.0,18,1.21,3.5
1107129.79,2.46,1.5,32,1.28,2.0
759076.84,4.28,2.5,25,1.21,3.0
1198202.5,2.93,1.5,28,1.46,2.0
718247.79,3.47,2.5,26,1.44,3.0
908264.72,2.42,3.0,26,1.2,3.5
881959.42,3.5,3.0,21,1.11,3.5
360030.33,2.09,2.5,24,1.24,3.0
503158.87,3.53,2.0,18,1.22,2.5
767042.63,4.32,3.0,23,1.38,3.5
692392.88,4.33,1.5,31,1.36,2.0
1063929.99,2.47,3.0,29,1.25,3.5
924318.71,4.2,1.5,23,1.22,2.0
772932.96,2.09,2.5,24,1.29,3.0
1351657.1,4.23,1.5,25,1.27,2.0
1048397.14,3.81,2.5,19,1.48,3.0
1288938.98,3.15,2.0,21,1.2,2.5
600380.63,2.19,2.0,22,1.12,2.5
838402.11,2.79,3.0,22,1.26,3.5
673910.65,3.42,1.5,19,1.27,2.0
752675.44,4.4,2.0,19,1.39,2.5
1120935.83,3.69,2.5,26,1.47,3.0
574762.32,3.1,1.5,32,1.17,2.0
1302867.96,2.8,3.0,31,1.44,3.5
1447502.14,4.22,1.5,24,1.26,2.0
616723.97,2.8,2.5,30,1.34,3.0
722685.29,3.59,1.5,28,1.48,2.0
1139638.19,4.09,2.5,28,1.41,3.0
856769.92,2.21,2.0,25,1.2,2.5
366175.64,2.09,3.0,18,1.47,3.5
533465.78,2.25,1.5,26,1.17,2.0
729392.35,2.2,1.5,25,1.4,2.0
1084639.21,3.01,3.0,28,1.2,3.5
1839179.21,4.17,2.5,27,1.29,3.0
719825.8,3.08,1.5,28,1.38,2.0
727316.42,4.0,2.0,29,1.33,2.5
396443.06,2.1,2.5,32,1.46,3.0
812284.46,2.41,2.5,25,1.27,3.0
553102.02,2.58,3.0,24,1.23,3.5
1884173.16,4.26,1.5,28,1.44,2.0
618325.35,2.14,1.5,25,1.18,2.0
997440.23,2.36,2.5,19,1.44,3.0
306830.11,2.06,1.5,19,1.25,2.0
954063.7,2.58,2.5,29,1.26,3.0
405978.75,2.29,2.5,23,1.45,3.0
859963.42,3.76,3.0,28,1.22,3.5
1488165.08,4.07,3.0,18,1.45,3.5
552685.47,2.8,3.0,25,1.33,3.5
1243811.55,3.58,1.5,32,1.42,2.0
476511.21,2.12,2.0,29,1.14,2.5
500653.83,2.56,3.0,21,1.5,3.5
1250696.45,4.15,2.5,29,1.2,3.0
1264073.43,2.91,2.5,18,1.48,3.0
934714.99,3.48,1.5,27,1.33,2.0
1123069.36,2.64,2.5,20,1.16,3.0
1167820.68,4.5,2.0,28,1.35,2.5
687721.72,3.02,3.0,25,1.39,3.5
489711.95,3.36,2.5,20,1.49,3.0
723434.76,3.47,2.0,25,1.4,2.5
1174904.32,3.96,3.0,23,1.3,3.5
567258.05,2.09,2.5,22,1.22,3.0
1047339.41,2.28,1.5,28,1.46,2.0
733414.4,2.68,2.5,23,1.49,3.0
923229.41,2.73,1.5,18,1.41,2.0
1075360.16,3.68,1.5,28,1.14,2.0
1533398.97,4.48,1.5,21,1.12,2.0
1981881.6,4.29,3.0,30,1.33,3.5
1017897.09,3.85,1.5,25,1.39,2.0
824333.14,2.04,2.5,31,1.15,3.0
1169975.55,2.58,2.0,26,1.35,2.5
1654593.2,3.77,2.5,19,1.23,3.0
586328.15,3.78,3.0,23,1.39,3.5
885459.47,4.28,1.5,18,1.29,2.0
830590.26,3.52,2.5,19,1.15,3.0
533985.3,2.32,3.0,25,1.22,3.5
509393.14,2.73,2.5,21,1.12,3.0
995857.09,2.57,2.0,23,1.47,2.5
1311682.08,2.77,1.5,30,1.17,2.0
943849.52,3.79,3.0,20,1.39,3.5
662295.19,3.94,2.0,24,1.39,2.5
939310.39,3.51,2.0,31,1.21,2.5
890747.6,4.45,2.5,30,1.2,3.0
963480.64,4.3,3.0,31,1.16,3.5
371414.83,2.27,1.5,19,1.38,2.0
806050.77,3.95,3.0,18,1.37,3.5
1125706.73,2.5,2.5,26,1.24,3.0
1541846.62,3.48,2.5,19,1.23,3.0
633795.06,3.52,2.5,21,1.33,3.0
433322.04,2.55,3.0,25,1.27,3.5
1136203.07,2.95,3.0,22,1.33,3.5
771753.81,3.75,2.5,27,1.49,3.0
1803991.98,3.99,2.5,29,1.12,3.0
1187283.97,4.14,1.5,26,1.37,2.0
943932.84,3.21,1.5,20,1.23,2.0
1167226.61,3.05,2.0,28,1.49,2.5
1048699.75,2.5,2.5,19,1.4,3.0
896285.9,2.77,3.0,28,1.11,3.5
536016.02,3.47,1.5,29,1.21,2.0
1289952.24,3.03,1.5,24,1.48,2.0
1064696.83,3.08,2.5,32,1.41,3.0
648396.99,3.17,3.0,25,1.44,3.5
1943225.98,4.15,1.5,18,1.42,2.0
1212903.92,2.79,2.0,21,1.34,2.5
1966077.38,4.21,3.0,24,1.23,3.5
1142612.83,3.89,3.0,23,1.19,3.5
901151.3,2.7,2.5,18,1.26,3.0
1368516.63,3.91,2.5,24,1.36,3.0
777590.71,3.31,3.0,27,1.5,3.5
1159893.59,3.56,2.5,28,1.18,3.0
1405101.02,3.11,3.0,22,1.15,3.5
871832.67,2.14,1.5,19,1.25,2.0
610548.78,3.0,1.5,30,1.32,2.0
1371317.42,3.71,2.5,24,1.35,3.0
1532638.46,4.17,2.0,27,1.39,2.5
1443631.95,4.02,3.0,23,1.33,3.5
825572.77,3.68,2.5,27,1.27,3.0
1962148.56,4.26,2.5,21,1.28,3.0
1542986.46,4.31,1.5,19,1.45,2.0
555406.06,3.49,1.5,23,1.38,2.0
641477.59,2.05,2.5,20,1.23,3.0
702097.48,2.65,2.0,20,1.49,2.5
922732.38,3.87,1.5,26,1.16,2.0
1763445.61,3.97,3.0,20,1.5,3.5
1446038.93,4.08,2.0,18,1.28,2.5
1466466.89,3.39,2.5,23,1.32,3.0
1063564.32,3.5,2.0,30,1.15,2.5
1709442.87,3.95,2.0,29,1.29,2.5
389494.69,2.36,3.0,19,1.48,3.5
1632048.58,3.6,2.5,28,1.14,3.0
443669.14,2.82,2.5,30,1.34,3.0
888694.78,2.15,3.0,28,1.41,3.5
1556871.73,3.45,2.0,31,1.34,2.5
1010516.42,2.66,3.0,23,1.17,3.5
662872.29,2.91,2.0,32,1.34,2.5
1357360.21,3.4,3.0,18,1.22,3.5
868124.92,4.2,1.5,21,1.48,2.0
1150654.29,3.55,2.5,30,1.39,3.0
804217.9,3.93,2.0,29,1.39,2.5
890003.03,3.19,2.0,28,1.26,2.5
1226069.33,2.74,2.0,28,1.14,2.5
915430.42,3.43,3.0,22,1.37,3.5
913352.13,2.67,2.5,28,1.32,3.0
598275.81,2.86,3.0,25,1.12,3.5
1292613.81,2.77,1.5,20,1.44,2.0
925039.84,2.55,2.5,24,1.34,3.0
951640.69,2.34,2.5,25,1.23,3.0
770686.96,2.4,2.0,23,1.22,2.5
1080997.61,2.49,1.5,28,1.37,2.0
627244.15,4.35,1.5,26,1.19,2.0
829686.06,2.64,2.0,27,1.31,2.5
805550.93,2.34,2.5,22,1.23,3.0
1760741.2,3.98,2.5,22,1.23,3.0
818699.04,2.25,2.0,29,1.34,2.5
613208.5,3.18,1.5,28,1.44,2.0
637498.06,3.07,2.5,28,1.41,3.0
1172490.4,3.58,3.0,27,1.24,3.5
887116.98,2.74,2.5,23,1.47,3.0
544581.42,3.74,2.0,28,1.19,2.5
955107.58,2.35,2.0,21,1.48,2.5
1173413.04,3.01,2.0,21,1.25,2.5
1102391.96,4.2,2.5,32,1.15,3.0
642755.27,2.25,3.0,21,1.25,3.5
1602035.73,3.48,2.0,31,1.38,2.5
553541.0,3.06,3.0,29,1.39,3.5
681802.8,4.37,2.5,26,1.15,3.0
1035371.22,3.12,2.5,19,1.17,3.0
873066.27,3.6,2.5,22,1.49,3.0
827282.16,2.35,2.0,20,1.48,2.5
2035752.61,4.32,2.0,24,1.17,2.5
465336.53,2.41,3.0,26,1.2,3.5
895094.75,3.44,2.5,27,1.24,3.0
1560295.35,4.06,2.5,22,1.15,3.0
1668520.74,3.97,3.0,24,1.1,3.5
938362.3,2.88,1.5,28,1.27,2.0
956106.14,4.07,3.0,24,1.49,3.5
948295.07,2.45,1.5,31,1.49,2.0
651908.97,2.19,2.0,24,1.33,2.5
774523.5,2.25,2.5,25,1.32,3.0
832267.22,2.28,2.5,24,1.48,3.0
637035.98,4.4,2.5,29,1.33,3.0
1018503.57,4.43,2.0,25,1.39,2.5
623622.33,3.61,2.5,32,1.4,3.0
1329946.82,3.2,2.5,20,1.16,3.0
1076255.66,2.52,3.0,21,1.2,3.5
1242947.05,3.53,2.5,20,1.4,3.0
1552980.13,3.46,3.0,29,1.24,3.5
1252327.24,3.47,1.5,23,1.26,2.0
1081121.13,3.49,3.0,31,1.33,3.5
769262.54,2.96,3.0,23,1.25,3.5
1093468.75,4.25,1.5,25,1.11,2.0
558050.34,2.37,2.0,19,1.33,2.5
1333977.37,3.07,2.5,19,1.18,3.0
1032384.92,3.08,1.5,21,1.4,2.0
1328647.33,3.94,2.0,24,1.27,2.5
1351095.78,3.93,2.5,28,1.47,3.0
919882.18,2.92,3.0,23,1.42,3.5
642433.47,3.25,2.5,19,1.4,3.0
663766.55,3.9,3.0,20,1.34,3.5
920331.63,2.27,2.5,25,1.27,3.0
662839.36,3.93,2.5,18,1.4,3.0
1545269.03,3.4,2.0,26,1.27,2.5
502174.57,2.54,1.5,32,1.37,2.0
721598.14,2.38,3.0,21,1.28,3.5
1111428.88,2.79,2.5,18,1.17,3.0
689839.83,2.83,3.0,19,1.38,3.5
1803743.23,4.21,2.0,31,1.48,2.5
1023873.75,2.36,2.5,29,1.2,3.0
734431.51,3.75,2.0,32,1.16,2.5
1447291.1,3.33,2.0,30,1.25,2.5
673053.18,3.34,2.0,26,1.38,2.5
628105.75,2.03,3.0,19,1.13,3.5
1791518.0,4.42,3.0,18,1.28,3.5
1821717.75,3.84,2.0,31,1.11,2.5
1355664.16,4.42,2.0,27,1.44,2.5
747574.62,4.36,2.0,21,1.4,2.5
1589795.17,3.83,3.0,32,1.11,3.5
1709846.83,3.77,2.5,30,1.44,3.0
1067311.84,3.95,3.0,31,1.33,3.5
1074353.51,3.83,3.0,22,1.28,3.5
1235874.17,3.03,2.0,24,1.23,2.5
517984.56,2.43,2.0,30,1.12,2.5
957962.35,3.17,2.0,31,1.2,2.5
703064.01,4.25,2.0,20,1.21,2.5
847826.09,3.92,2.5,19,1.11,3.0
503188.82,2.53,3.0,22,1.23,3.5
1203664.67,3.2,3.0,22,1.44,3.5
1418064.38,3.53,3.0,31,1.38,3.5
1100335.78,2.8,2.0,24,1.49,2.5
1429598.04,4.36,1.5,31,1.46,2.0
1676204.81,4.19,1.5,21,1.37,2.0
1547586.91,3.93,3.0,23,1.14,3.5
398970.85,2.1,1.5,21,1.18,2.0
1867238.75,4.24,2.0,27,1.16,2.5
957929.85,3.72,2.0,32,1.32,2.5
1398564.65,3.53,1.5,21,1.15,2.0
2057413.36,4.34,1.5,27,1.5,2.0
1599895.71,3.4,3.0,30,1.23,3.5
1558463.31,4.32,2.0,29,1.13,2.5
790606.51,3.98,2.0,27,1.38,2.5
1499465.38,4.0,3.0,28,1.17,3.5
695086.05,3.17,2.0,21,1.23,2.5
827764.48,2.41,2.0,26,1.25,2.5
650335.27,3.12,1.5,25,1.14,2.0
595103.53,3.57,1.5,18,1.36,2.0
1940537.43,4.34,2.0,32,1.37,2.5
610482.16,2.42,2.0,25,1.28,2.5
438809.68,2.9,2.0,31,1.15,2.5
446280.38,2.81,2.0,20,1.23,2.5
731278.43,3.96,1.5,25,1.44,2.0
988135.14,2.82,1.5,30,1.15,2.0
850924.5,2.54,1.5,24,1.2,2.0
862749.47,4.07,2.5,26,1.4,3.0
1294156.41,3.21,2.5,20,1.35,3.0
1349469.49,4.31,3.0,25,1.31,3.5
1404852.91,4.13,3.0,18,1.35,3.5
831819.71,3.53,2.5,29,1.37,3.0
461919.85,3.22,2.0,20,1.42,2.5
1221427.0,4.38,2.0,29,1.25,2.5
1239588.26,4.02,3.0,29,1.37,3.5
1802922.34,3.87,3.0,20,1.16,3.5
1333922.3,3.27,2.0,32,1.22,2.5
852246.03,2.58,1.5,22,1.46,2.0
718005.17,2.0,2.5,29,1.29,3.0
542736.62,2.23,2.5,31,1.46,3.0
858733.22,3.69,1.5,31,1.12,2.0
537781.02,3.77,1.5,26,1.32,2.0
1996864.86,4.34,2.5,28,1.2,3.0
1724095.99,3.64,1.5,25,1.49,2.0
967916.01,2.47,1.5,21,1.41,2.0
1578330.79,3.48,2.5,32,1.48,3.0
724572.7,2.67,3.0,21,1.22,3.5
550427.71,2.78,2.0,31,1.21,2.5
785892.36,2.84,3.0,19,1.45,3.5
578569.96,3.6,1.5,22,1.31,2.0
1348764.85,3.55,2.5,30,1.49,3.0
770432.64,3.11,2.0,32,1.25,2.5
523930.24,3.32,3.0,21,1.23,3.5
1555112.25,3.46,3.0,26,1.47,3.5
695629.06,2.44,2.5,18,1.22,3.0
1270053.25,3.04,2.5,23,1.47,3.0
1876593.14,4.31,3.0,25,1.3,3.5
1571381.25,3.4,3.0,24,1.47,3.5
542215.71,3.61,1.5,20,1.38,2.0
771205.77,4.02,2.0,21,1.47,2.5
1428214.64,3.11,2.5,28,1.35,3.0
1318766.05,3.18,2.5,30,1.44,3.0
1553182.13,4.41,2.0,18,1.21,2.5
1684401.13,4.44,2.5,26,1.3,3.0
462734.49,2.06,1.5,32,1.29,2.0
913442.75,2.94,2.0,31,1.14,2.5
884410.33,3.56,2.5,24,1.49,3.0
496725.2,2.02,2.5,29,1.21,3.0
1047651.87,2.66,2.0,32,1.21,2.5
968597.33,2.75,2.0,30,1.29,2.5
663223.68,2.27,1.5,18,1.25,2.0
752093.7,4.23,1.5,24,1.46,2.0
821013.43,3.46,2.0,21,1.48,2.5
663266.22,4.38,2.5,19,1.13,3.0
953136.87,2.9,2.5,19,1.42,3.0
577710.27,2.54,3.0,28,1.29,3.5
1025368.21,4.35,3.0,21,1.35,3.5
1203977.36,4.07,1.5,21,1.35,2.0
911504.72,2.35,1.5,30,1.47,2.0
1334326.54,3.49,2.5,31,1.3,3.0
1021712.54,2.86,2.5,31,1.21,3.0
759647.97,2.48,2.0,18,1.37,2.5
1081286.35,4.16,2.5,26,1.44,3.0
923370.56,2.41,1.5,23,1.14,2.0
676509.83,4.19,2.0,24,1.28,2.5
1623729.99,3.71,2.5,32,1.47,3.0
1234442.73,4.05,3.0,22,1.31,3.5
414565.47,2.21,1.5,22,1.2,2.0
669622.59,2.34,2.5,30,1.26,3.0
1607121.93,3.75,2.5,31,1.4,3.0
837726.35,3.5,1.5,23,1.44,2.0
753652.75,2.44,2.0,21,1.13,2.5
495879.65,2.1,2.0,18,1.19,2.5
711067.47,4.33,1.5,26,1.47,2.0
770985.46,3.62,1.5,22,1.5,2.0
1331769.1,4.28,1.5,23,1.36,2.0
1936333.71,4.14,2.0,27,1.42,2.5
952433.89,3.36,2.5,18,1.14,3.0
649668.96,4.23,2.0,21,1.2,2.5
654791.58,2.56,1.5,23,1.25,2.0
1405576.58,3.6,1.5,25,1.22,2.0
934292.48,2.96,2.5,30,1.16,3.0
772361.54,2.02,1.5,25,1.48,2.0
504637.5,2.55,2.5,24,1.2,3.0
498458.94,3.27,1.5,28,1.22,2.0
760776.21,2.34,3.0,21,1.14,3.5
991928.41,2.68,2.0,27,1.17,2.5
372337.19,2.02,3.0,18,1.31,3.5
1625060.17,3.85,1.5,29,1.38,2.0
897355.56,2.2,1.5,19,1.2,2.0
976396.46,2.78,2.0,31,1.27,2.5
1286699.25,3.35,2.5,25,1.48,3.0
825942.88,2.15,1.5,24,1.12,2.0
1027850.78,3.99,2.0,31,1.34,2.5
413150.17,2.61,2.0,31,1.24,2.5
729823.09,2.01,3.0,26,1.26,3.5
935722.26,3.43,2.5,28,1.37,3.0
808107.91,2.77,2.5,26,1.41,3.0
1675378.1,3.67,2.0,20,1.17,2.5
931179.77,2.64,2.5,22,1.39,3.0
780484.07,4.09,2.5,20,1.13,3.0
1284416.38,3.37,2.0,27,1.46,2.5
428453.39,2.59,2.0,26,1.24,2.5
939724.02,3.62,2.0,24,1.11,2.5
423239.1,2.1,3.0,30,1.15,3.5
904250.38,3.44,3.0,31,1.26,3.5
701135.12,4.0,2.5,18,1.45,3.0
775253.41,3.82,2.0,20,1.29,2.5
969444.68,2.86,1.5,19,1.2,2.0
1232178.69,3.06,2.5,23,1.43,3.0
1456664.86,3.99,3.0,28,1.18,3.5
790418.8,3.55,2.5,22,1.33,3.0
1136449.97,2.54,3.0,22,1.36,3.5
668158.39,2.81,2.0,18,1.23,2.5
1604758.54,4.12,1.5,21,1.18,2.0
568475.61,3.25,1.5,18,1.34,2.0
996562.55,2.47,3.0,18,1.31,3.5
724492.87,3.07,2.5,19,1.36,3.0
759760.75,4.09,2.5,25,1.46,3.0
859203.93,3.6,2.5,23,1.2,3.0
868950.96,2.61,2.0,23,1.4,2.5
882340.3,2.14,2.5,21,1.16,3.0
1222756.89,2.59,1.5,22,1.1,2.0
398687.21,2.05,1.5,21,1.17,2.0
1644770.29,4.35,2.5,28,1.17,3.0
1192546.89,2.91,3.0,26,1.42,3.5
1666926.91,4.32,2.5,28,1.36,3.0
712325.25,3.7,1.5,29,1.15,2.0
979025.15,2.65,1.5,25,1.32,2.0
1206527.05,4.06,2.0,29,1.24,2.5
1904617.19,4.28,2.5,26,1.25,3.0
515548.0,3.03,2.5,26,1.19,3.0
1335504.13,3.66,1.5,18,1.41,2.0
532835.32,2.47,1.5,30,1.5,2.0
1746516.16,4.4,2.5,22,1.19,3.0
1322111.35,3.15,2.0,19,1.41,2.5
1203513.07,2.87,1.5,19,1.49,2.0
893095.43,2.99,1.5,20,1.13,2.0
715095.32,2.1,3.0,31,1.34,3.5
646873.71,2.45,2.5,32,1.27,3.0
490850.22,3.01,3.0,26,1.5,3.5
564173.08,3.53,2.0,27,1.25,2.5
1293344.22,3.48,2.0,24,1.26,2.5
1263187.09,4.2,3.0,25,1.22,3.5
1354422.14,4.05,1.5,28,1.4,2.0
876639.58,2.08,1.5,29,1.11,2.0
1259988.51,4.26,2.0,19,1.24,2.5
370910.29,2.1,2.0,18,1.18,2.5
1155961.69,3.8,3.0,32,1.27,3.5
646770.94,4.28,2.5,22,1.26,3.0
673130.78,3.16,3.0,32,1.37,3.5
1039148.44,2.3,2.5,18,1.5,3.0
887656.04,3.98,2.0,26,1.47,2.5
1635457.99,3.53,2.0,31,1.16,2.5
804251.03,3.4,3.0,23,1.27,3.5
1182641.4,3.31,2.5,29,1.4,3.0
1432589.75,3.03,3.0,26,1.27,3.5
1690390.64,3.74,3.0,22,1.2,3.5
886252.28,4.26,1.5,19,1.18,2.0
1069934.38,3.27,2.0,32,1.39,2.5
1644887.9,4.0,3.0,21,1.49,3.5
1855844.81,4.43,2.0,21,1.3,2.5
614380.77,3.36,2.0,24,1.18,2.5
696849.07,3.51,3.0,31,1.36,3.5
1111925.78,2.78,1.5,21,1.12,2.0
620992.82,2.37,2.5,27,1.11,3.0
399883.8,2.08,2.0,26,1.23,2.5
887174.13,3.62,1.5,29,1.44,2.0
795888.49,3.22,1.5,27,1.46,2.0
936126.1,2.53,2.5,25,1.25,3.0
1228722.08,2.69,2.5,18,1.31,3.0
503060.59,2.55,2.5,29,1.45,3.0
1489674.44,4.07,3.0,30,1.16,3.5
1656017.77,4.42,3.0,24,1.42,3.5
989297.1,2.57,2.0,22,1.14,2.5
618964.17,3.94,3.0,19,1.46,3.5
509616.88,2.47,2.0,27,1.14,2.5
482730.0,2.8,3.0,19,1.26,3.5
1504874.25,4.33,3.0,29,1.33,3.5
1059330.68,2.66,1.5,22,1.16,2.0
1048864.43,3.34,3.0,28,1.32,3.5
1621188.7,3.56,2.0,28,1.38,2.5
1015566.09,2.22,1.5,29,1.46,2.0
538048.29,2.21,3.0,23,1.24,3.5
871833.21,3.45,3.0,23,1.27,3.5
592979.83,2.08,2.0,24,1.38,2.5
884188.26,3.76,2.0,29,1.38,2.5
1254064.1,4.5,3.0,21,1.29,3.5
673008.9,3.35,1.5,22,1.48,2.0
577324.45,2.5,2.5,31,1.11,3.0
724669.98,2.08,3.0,30,1.26,3.5
1548306.84,3.98,1.5,21,1.45,2.0
437845.28,2.87,1.5,18,1.39,2.0
588954.67,2.27,3.0,18,1.49,3.5
888339.53,2.25,1.5,27,1.1,2.0
892155.0,2.88,3.0,28,1.49,3.5
828811.63,3.43,1.5,21,1.21,2.0
733904.76,4.05,3.0,23,1.35,3.5
1089979.26,4.39,1.5,32,1.49,2.0
1298754.05,3.18,3.0,31,1.16,3.5
1505553.18,3.85,2.5,21,1.21,3.0
882577.4,3.53,2.0,22,1.12,2.5
1887808.75,4.37,3.0,27,1.19,3.5
1480811.57,3.15,3.0,26,1.4,3.5
955582.25,2.72,2.5,23,1.29,3.0
389719.5,2.14,2.0,27,1.16,2.5
687044.97,2.58,3.0,20,1.36,3.5
1297857.49,3.82,2.0,24,1.2,2.5
873985.76,2.24,2.0,26,1.26,2.5
879595.04,2.28,2.5,23,1.12,3.0
694731.82,3.24,1.5,21,1.4,2.0
552787.87,2.62,3.0,23,1.44,3.5
735136.38,3.0,2.0,19,1.22,2.5
759988.8,2.68,3.0,31,1.26,3.5
814382.21,2.48,2.5,28,1.21,3.0
684473.69,2.84,2.0,27,1.19,2.5
570723.86,3.89,1.5,32,1.32,2.0
971260.62,2.24,2.0,32,1.42,2.5
1281495.16,3.37,2.5,21,1.38,3.0
553975.68,2.19,3.0,30,1.48,3.5
542814.98,3.34,3.0,24,1.21,3.5
824197.89,3.11,2.0,25,1.14,2.5
1039296.33,2.96,1.5,27,1.18,2.0
1362794.44,4.4,2.5,27,1.43,3.0
591246.63,3.15,2.0,30,1.4,2.5
1749066.44,3.8,3.0,30,1.33,3.5
1370882.56,4.32,3.0,19,1.19,3.5
1838712.57,4.38,2.5,29,1.42,3.0
868795.68,3.62,2.5,29,1.24,3.0
1276733.59,3.6,2.5,20,1.47,3.0
1038448.08,3.88,2.5,24,1.35,3.0
1159792.96,3.94,1.5,30,1.36,2.0
915777.22,2.16,1.5,32,1.19,2.0
431160.38,2.32,2.5,28,1.3,3.0
636604.87,2.36,1.5,28,1.5,2.0
1072815.52,3.32,2.5,19,1.11,3.0
1272404.99,3.25,2.5,31,1.16,3.0
1304298.77,3.09,3.0,22,1.37,3.5
1215709.73,4.25,2.5,21,1.28,3.0
1580285.96,4.25,3.0,25,1.28,3.5
1171023.24,2.62,1.5,20,1.13,2.0
704774.74,3.17,2.0,20,1.32,2.5
1376452.61,3.97,1.5,32,1.31,2.0
1129037.04,2.51,1.5,32,1.26,2.0
1403575.77,3.16,1.5,18,1.27,2.0
1057656.93,3.91,2.0,28,1.15,2.5
509065.33,2.21,1.5,22,1.15,2.0
1358947.87,3.77,3.0,31,1.45,3.5
408972.36,2.46,1.5,18,1.49,2.0
1035917.79,2.52,2.5,22,1.45,3.0
987352.02,3.9,2.5,22,1.32,3.0
548139.77,2.7,3.0,24,1.28,3.5
649276.25,3.85,2.5,32,1.35,3.0
844748.95,3.53,2.5,18,1.43,3.0
807085.58,3.09,3.0,32,1.35,3.5
1334213.67,2.93,2.0,25,1.2,2.5
1198829.72,4.06,2.0,18,1.45,2.5
646110.86,2.13,2.5,27,1.48,3.0
371718.8,2.38,2.5,31,1.37,3.0
870694.86,2.35,2.5,23,1.41,3.0
901821.02,2.95,3.0,26,1.43,3.5
655050.65,2.37,2.0,31,1.33,2.5
1568630.67,4.12,1.5,30,1.17,2.0
1052177.35,3.82,3.0,19,1.15,3.5
1024692.04,4.43,1.5,30,1.15,2.0
1558579.18,3.3,2.0,24,1.34,2.5
790895.64,2.49,2.0,20,1.25,2.5
1310023.08,3.69,1.5,30,1.17,2.0
681695.1,4.04,2.0,31,1.36,2.5
1153482.53,3.48,1.5,25,1.31,2.0
985196.54,2.93,2.5,26,1.46,3.0
1388975.97,3.95,2.0,30,1.33,2.5
401515.03,2.5,3.0,21,1.41,3.5
1241110.67,2.85,2.5,32,1.11,3.0
730979.15,2.75,1.5,22,1.2,2.0
726685.6,2.65,3.0,20,1.11,3.5
891165.76,2.25,2.5,27,1.28,3.0
817444.39,2.3,2.0,31,1.45,2.5
1693509.71,3.87,1.5,19,1.43,2.0
1196215.52,3.0,3.0,29,1.25,3.5
889243.38,3.64,3.0,18,1.28,3.5
1714618.8,3.75,1.5,29,1.37,2.0
1385183.05,3.78,1.5,23,1.45,2.0
604304.72,2.18,1.5,27,1.34,2.0
708086.04,3.88,1.5,23,1.13,2.0
1101222.03,2.88,2.5,20,1.26,3.0
877326.4,3.03,3.0,21,1.22,3.5
935324.42,3.13,2.5,25,1.13,3.0
854413.5,3.28,2.0,28,1.27,2.5
604053.66,2.01,3.0,27,1.24,3.5
963197.72,2.16,3.0,21,1.5,3.5
700385.95,2.18,3.0,31,1.26,3.5
641213.95,2.86,2.5,31,1.28,3.0
1046941.12,3.75,2.0,28,1.29,2.5
1046819.07,3.21,1.5,18,1.25,2.0
910141.04,3.52,2.5,32,1.23,3.0
364357.63,2.03,2.5,25,1.3,3.0
925573.11,4.07,2.0,23,1.19,2.5
980307.72,3.24,1.5,22,1.23,2.0
906877.26,2.3,2.5,18,1.19,3.0
1531016.58,4.32,3.0,22,1.27,3.5
1387597.86,3.42,2.0,27,1.49,2.5
1186490.16,2.74,1.5,18,1.25,2.0
1696870.45,3.65,1.5,26,1.32,2.0
734823.02,2.28,2.0,23,1.3,2.5
1170341.88,3.56,2.5,23,1.38,3.0
594044.88,3.47,2.5,24,1.5,3.0
1342280.76,4.06,1.5,28,1.4,2.0
1663200.81,4.46,1.5,27,1.12,2.0
998150.04,4.02,2.5,19,1.24,3.0
1336658.79,4.05,1.5,20,1.27,2.0
687065.17,2.84,2.5,19,1.47,3.0
1083006.33,2.69,2.0,21,1.31,2.5
1133491.53,4.03,1.5,27,1.12,2.0
730486.4,3.44,2.5,27,1.29,3.0
832900.24,2.11,1.5,22,1.28,2.0
1548898.19,3.88,2.0,23,1.17,2.5
1773124.67,4.46,3.0,27,1.32,3.5
1399029.58,3.25,3.0,18,1.32,3.5
1036363.27,2.36,1.5,26,1.47,2.0
1225277.26,3.93,3.0,32,1.19,3.5
934046.23,3.7,2.0,21,1.32,2.5
552768.38,2.24,3.0,21,1.41,3.5
1263134.49,3.97,1.5,23,1.19,2.0
399905.02,2.07,3.0,27,1.17,3.5
580433.8,2.94,1.5,24,1.39,2.0
820060.14,2.2,1.5,31,1.35,2.0
1692046.97,3.6,2.0,22,1.18,2.5
1624509.91,3.87,2.5,30,1.39,3.0
816208.43,3.69,1.5,29,1.2,2.0
1193936.77,3.89,2.5,19,1.31,3.0
876548.94,3.99,3.0,19,1.16,3.5
993745.85,2.52,2.0,26,1.27,2.5
1435173.89,3.2,2.0,27,1.44,2.5
834913.99,2.16,3.0,30,1.43,3.5
1004319.9,3.27,2.5,26,1.18,3.0
1741199.05,3.83,2.0,19,1.25,2.5
796884.76,2.34,2.5,31,1.46,3.0
1830859.5,4.18,3.0,21,1.24,3.5
1046210.59,3.76,3.0,18,1.48,3.5
1281450.26,3.26,1.5,21,1.21,2.0
1479987.8,3.29,3.0,26,1.38,3.5
469345.77,2.57,3.0,24,1.13,3.5
1673136.5,3.97,2.0,19,1.37,2.5
384974.93,2.02,2.0,24,1.38,2.5
475131.58,2.64,1.5,25,1.12,2.0
1380177.5,3.47,1.5,25,1.46,2.0
428588.05,2.03,2.0,23,1.19,2.5
558203.19,2.92,3.0,24,1.3,3.5
1457296.43,3.67,1.5,22,1.13,2.0
1102866.52,3.01,2.0,19,1.42,2.5
999830.68,2.52,2.5,23,1.16,3.0
1811427.97,4.39,3.0,23,1.35,3.5
717430.63,2.54,3.0,30,1.24,3.5
1438121.36,3.7,3.0,26,1.13,3.5
1581994.99,3.71,2.5,19,1.44,3.0
580385.11,3.43,2.5,26,1.14,3.0
709824.93,3.16,2.5,30,1.39,3.0
664670.33,2.25,1.5,31,1.49,2.0
918135.11,3.84,1.5,19,1.24,2.0
792471.63,4.15,2.5,27,1.28,3.0
911062.09,4.26,2.0,21,1.34,2.5
699590.8,4.07,2.5,25,1.11,3.0
1360314.25,3.39,3.0,29,1.3,3.5
694537.11,3.06,2.0,22,1.32,2.5
1315305.02,3.53,2.0,24,1.17,2.5
909562.05,2.03,1.5,19,1.15,2.0
998230.3,2.95,2.5,25,1.11,3.0
1362989.78,3.06,2.5,27,1.13,3.0
663712.79,2.99,2.0,32,1.25,2.5
1099425.38,3.13,1.5,23,1.29,2.0
946386.35,4.35,1.5,25,1.37,2.0
1095299.32,3.03,1.5,29,1.23,2.0
764568.53,4.05,1.5,24,1.19,2.0
1329855.82,3.96,2.0,31,1.42,2.5
1268264.72,3.94,3.0,20,1.22,3.5
780192.67,3.36,2.0,32,1.42,2.5
536825.5,2.7,1.5,28,1.15,2.0
1273029.81,3.64,2.5,23,1.34,3.0
560459.29,3.35,2.5,28,1.32,3.0
1035838.78,2.58,3.0,27,1.12,3.5
430707.48,2.33,2.5,21,1.1,3.0
888030.69,2.26,2.0,22,1.16,2.5
679381.38,2.82,2.0,29,1.32,2.5
1564213.99,4.06,2.0,20,1.28,2.5
1037686.85,3.24,3.0,18,1.26,3.5
623229.14,2.49,2.5,26,1.49,3.0
771577.76,2.17,1.5,23,1.27,2.0
830190.4,2.54,1.5,20,1.21,2.0
1107629.76,3.75,2.5,32,1.28,3.0
351903.51,2.26,2.5,21,1.24,3.0
1164999.0,3.03,2.0,19,1.15,2.5
955044.4,2.26,2.5,19,1.48,3.0
1066121.03,3.65,1.5,19,1.27,2.0
899849.91,4.18,1.5,27,1.11,2.0
1742491.97,3.99,1.5,21,1.11,2.0
854394.56,3.66,3.0,28,1.27,3.5
1246383.85,4.02,2.5,19,1.27,3.0
1850462.23,3.93,2.5,26,1.23,3.0
676179.72,4.31,3.0,32,1.3,3.5
1355574.71,4.42,2.0,26,1.28,2.5
1388409.81,3.5,2.0,26,1.33,2.5
2084232.12,4.46,2.0,25,1.37,2.5
542721.45,2.71,2.0,21,1.38,2.5
909868.55,2.18,1.5,20,1.11,2.0
917033.79,2.56,2.0,28,1.42,2.5
1496980.59,3.18,1.5,31,1.34,2.0
881951.36,2.72,3.0,22,1.46,3.5
1615843.71,3.71,3.0,32,1.42,3.5
1254764.34,2.82,1.5,19,1.48,2.0
846217.04,2.03,1.5,22,1.41,2.0
936599.07,2.82,2.0,29,1.41,2.5
606197.7,2.64,2.0,21,1.14,2.5
1635406.4,4.31,3.0,32,1.45,3.5
530112.51,3.6,2.5,31,1.48,3.0
1213700.26,3.7,1.5,24,1.4,2.0
1011143.84,4.03,2.5,32,1.2,3.0
632932.11,2.21,2.0,25,1.27,2.5
434717.76,2.28,2.5,18,1.19,3.0
406697.39,2.08,2.5,29,1.23,3.0
780593.83,4.34,2.5,29,1.17,3.0
1605607.38,3.96,2.0,24,1.37,2.5
956641.94,4.31,2.0,26,1.29,2.5
1502365.68,3.39,3.0,21,1.17,3.5
1316953.53,3.02,3.0,27,1.17,3.5
745942.43,2.34,2.0,27,1.18,2.5
655458.83,2.94,1.5,20,1.27,2.0
1656198.26,4.39,1.5,22,1.19,2.0
960637.87,3.77,3.0,18,1.29,3.5
456934.16,2.44,1.5,32,1.24,2.0
1013806.73,2.94,1.5,29,1.15,2.0
731999.42,2.86,2.0,27,1.34,2.5
1282930.29,3.4,1.5,20,1.14,2.0
484588.52,3.05,2.5,26,1.35,3.0
1008957.61,2.94,1.5,18,1.32,2.0
1849211.38,4.36,3.0,26,1.11,3.5
1109733.64,2.76,2.0,23,1.11,2.5
617318.21,3.07,1.5,19,1.22,2.0
1039729.23,4.22,1.5,32,1.21,2.0
1233383.67,3.12,2.5,27,1.41,3.0
758102.11,2.87,2.5,30,1.42,3.0
1304137.52,3.79,2.0,22,1.2,2.5
1987914.66,4.32,1.5,23,1.14,2.0
1107231.98,3.39,2.0,22,1.29,2.5
694335.05,2.89,2.5,28,1.26,3.0
440675.33,2.48,3.0,29,1.27,3.5
1420984.8,4.07,2.5,29,1.35,3.0
1449316.71,3.2,3.0,24,1.18,3.5
1208871.83,3.88,1.5,29,1.36,2.0
850985.54,2.59,2.5,25,1.4,3.0
598831.74,2.71,3.0,30,1.25,3.5
1915685.2,4.29,3.0,24,1.1,3.5
677424.03,3.64,2.5,20,1.14,3.0
710918.63,2.01,2.5,25,1.31,3.0
497513.19,2.67,2.0,31,1.33,2.5
1231449.42,4.28,3.0,25,1.29,3.5
1576426.34,3.41,2.5,25,1.46,3.0
1142659.03,2.48,3.0,30,1.36,3.5
1019964.86,2.73,3.0,19,1.37,3.5
561110.73,2.07,2.5,21,1.23,3.0
546139.27,2.07,2.5,24,1.38,3.0
836201.44,2.74,2.5,32,1.48,3.0
1037750.07,3.58,1.5,20,1.18,2.0
1391154.3,3.41,2.0,29,1.26,2.5
605107.23,2.63,2.5,20,1.49,3.0
1179702.11,3.21,1.5,31,1.43,2.0
493215.19,2.91,1.5,30,1.28,2.0
817684.5,3.32,3.0,20,1.25,3.5
357789.51,2.01,2.0,31,1.25,2.5
724170.7,2.53,3.0,29,1.4,3.5
1709708.37,4.34,2.5,21,1.26,3.0
730235.59,2.04,2.5,29,1.13,3.0
1157576.61,3.15,2.5,25,1.4,3.0
806748.05,2.42,3.0,29,1.11,3.5
409398.17,2.73,2.0,21,1.21,2.5
911231.7,2.38,3.0,30,1.22,3.5
780724.46,3.32,3.0,22,1.35,3.5
839430.41,2.76,1.5,19,1.49,2.0
634107.35,2.75,3.0,27,1.17,3.5
697247.91,2.28,2.0,19,1.1,2.5
806219.88,2.41,2.0,31,1.24,2.5
753661.6,3.06,2.0,27,1.24,2.5
584201.55,2.05,2.5,26,1.5,3.0
920884.65,2.03,1.5,23,1.33,2.0
1032985.76,2.94,1.5,31,1.16,2.0
1870691.57,4.38,2.0,19,1.36,2.5
1070364.21,2.32,2.0,28,1.17,2.5
845989.29,2.85,1.5,20,1.16,2.0
808836.35,4.4,2.0,19,1.45,2.5
1390862.37,3.72,3.0,29,1.46,3.5
523398.05,3.35,1.5,31,1.21,2.0
1815184.48,4.44,3.0,23,1.2,3.5
1325805.97,3.76,1.5,29,1.4,2.0
1390354.47,3.84,3.0,23,1.3,3.5
1759638.45,4.49,3.0,25,1.18,3.5
1076062.78,3.23,2.5,29,1.21,3.0
1476131.08,4.04,1.5,21,1.47,2.0
749674.31,2.83,1.5,27,1.3,2.0
736437.64,2.18,1.5,22,1.46,2.0
1132256.66,3.73,2.5,20,1.17,3.0
528070.65,2.94,2.5,29,1.32,3.0
1754081.56,3.75,2.5,26,1.49,3.0
839616.12,3.38,2.5,24,1.44,3.0
466031.33,2.2,3.0,21,1.2,3.5
393914.52,2.39,3.0,19,1.3,3.5
1210438.44,2.96,2.0,28,1.49,2.5
1652015.89,3.87,2.5,30,1.24,3.0
1502393.04,3.99,2.5,31,1.14,3.0
1656608.69,3.75,3.0,27,1.24,3.5
652968.25,2.14,3.0,29,1.47,3.5
329744.2,2.28,3.0,19,1.19,3.5
1060930.02,3.77,2.5,19,1.13,3.0
546170.58,2.93,3.0,28,1.16,3.5
716816.21,4.06,1.5,19,1.47,2.0
1472685.77,4.35,2.0,28,1.21,2.5
1409344.37,4.08,1.5,32,1.33,2.0
749267.79,3.54,2.0,32,1.32,2.5
1360917.83,2.87,2.0,25,1.44,2.5
1191676.88,3.82,2.0,25,1.22,2.5
828704.65,2.8,1.5,20,1.44,2.0
965823.69,2.08,3.0,19,1.16,3.5
1424662.6,3.0,2.0,18,1.33,2.5
1053177.92,2.24,2.0,26,1.2,2.5
809832.73,3.6,2.0,25,1.1,2.5
1141016.54,3.27,3.0,23,1.38,3.5
335315.76,2.31,2.0,24,1.22,2.5
1595445.17,3.41,3.0,25,1.47,3.5
1471132.99,3.4,2.5,30,1.12,3.0
674247.5,3.59,2.5,26,1.17,3.0
1722853.17,3.84,2.5,26,1.21,3.0
1008129.56,3.92,3.0,18,1.17,3.5
1777123.65,3.98,1.5,25,1.23,2.0
1406240.81,3.19,2.5,26,1.27,3.0
709225.27,3.99,3.0,29,1.3,3.5
1304758.81,4.33,3.0,21,1.34,3.5
548523.3,2.76,2.0,21,1.46,2.5
634935.16,3.97,1.5,28,1.3,2.0
437332.94,2.26,3.0,23,1.45,3.5
653144.41,2.76,1.5,26,1.15,2.0
1691887.47,3.84,2.5,18,1.41,3.0
465284.69,2.32,2.0,23,1.11,2.5
560852.51,2.8,2.5,24,1.49,3.0
1216990.21,2.77,3.0,24,1.39,3.5
930431.57,2.18,1.5,24,1.22,2.0
1756120.13,3.97,2.0,28,1.48,2.5
1169222.3,3.14,2.5,30,1.48,3.0
1094936.16,2.39,2.5,22,1.42,3.0
1433508.28,4.36,3.0,32,1.1,3.5
1059391.03,2.33,2.5,32,1.15,3.0
1257140.72,4.18,2.0,28,1.13,2.5
651595.27,2.85,2.5,22,1.41,3.0
564354.6,3.45,2.0,30,1.42,2.5
684551.88,3.26,3.0,18,1.14,3.5
1294867.48,4.3,3.0,19,1.44,3.5
815467.07,2.88,3.0,18,1.42,3.5
1504886.03,4.48,2.0,21,1.19,2.5
696157.26,3.93,3.0,25,1.4,3.5
1468791.6,4.01,2.0,31,1.29,2.5
1607185.5,3.46,3.0,19,1.19,3.5
1781818.87,4.23,1.5,23,1.43,2.0
477798.74,3.23,2.0,32,1.43,2.5
423058.78,2.86,3.0,27,1.17,3.5
974659.75,4.5,1.5,25,1.18,2.0
1260851.33,3.7,3.0,21,1.14,3.5
939796.2,3.07,2.5,19,1.13,3.0
1612800.92,3.99,2.5,18,1.46,3.0
1890928.88,4.4,1.5,30,1.44,2.0
1633004.86,3.99,3.0,31,1.37,3.5
651781.22,2.1,1.5,24,1.45,2.0
1534960.72,4.14,1.5,32,1.21,2.0
968334.35,2.52,2.5,22,1.12,3.0
731983.01,2.48,2.0,28,1.45,2.5
625777.63,2.9,2.0,28,1.17,2.5
604637.78,2.69,2.0,31,1.45,2.5
324936.47,2.1,2.0,19,1.16,2.5
1139181.04,3.99,1.5,20,1.15,2.0
1046165.1,2.36,2.0,26,1.13,2.5
1017091.73,3.3,2.0,20,1.39,2.5
451478.07,2.77,2.0,22,1.26,2.5
859218.61,2.56,3.0,19,1.19,3.5
1204634.07,3.73,2.0,23,1.47,2.5
1336597.05,4.09,1.5,19,1.15,2.0
1973427.54,4.28,1.5,26,1.41,2.0
1374369.77,2.9,3.0,22,1.45,3.5
754269.77,2.47,1.5,18,1.42,2.0
499395.4,2.17,2.5,29,1.11,3.0
554795.05,3.69,3.0,32,1.46,3.5
1050840.42,4.08,1.5,23,1.43,2.0
744681.82,4.23,1.5,26,1.2,2.0
920976.33,3.23,2.0,26,1.29,2.5
967590.82,2.14,3.0,18,1.33,3.5
849840.37,3.05,2.5,18,1.11,3.0
1252768.55,3.69,2.5,19,1.13,3.0
1306712.53,3.42,3.0,27,1.35,3.5
1815738.44,4.04,1.5,27,1.35,2.0
888763.05,2.37,2.5,26,1.24,3.0
884522.2,3.18,3.0,28,1.36,3.5
1844606.97,4.0,2.0,27,1.37,2.5
612675.43,4.03,1.5,27,1.26,2.0
1324856.11,3.78,3.0,26,1.33,3.5
663534.58,4.28,1.5,18,1.17,2.0
839970.4,2.32,2.0,24,1.3,2.5
970050.37,2.59,2.0,29,1.17,2.5
1371688.03,3.86,3.0,26,1.43,3.5
1213151.65,3.26,3.0,22,1.37,3.5
1201589.26,3.6,1.5,29,1.18,2.0
803448.48,2.55,1.5,27,1.22,2.0
694620.43,2.45,3.0,18,1.38,3.5
390173.28,2.01,3.0,20,1.22,3.5
1304969.2,3.14,2.0,26,1.49,2.5
1066577.93,2.34,1.5,28,1.13,2.0
591353.47,3.6,2.0,25,1.36,2.5
1191025.45,3.8,2.5,24,1.42,3.0
836925.01,3.57,2.0,21,1.3,2.5
544335.17,2.01,3.0,28,1.16,3.5
642624.19,3.06,2.5,19,1.23,3.0
1228766.63,3.29,2.5,18,1.22,3.0
1366709.8,3.81,1.5,22,1.45,2.0
1215654.54,2.57,3.0,22,1.12,3.5
862943.54,2.69,2.0,28,1.4,2.5
619675.84,3.02,3.0,24,1.46,3.5
1264393.01,2.75,2.0,29,1.37,2.5
1009721.01,2.31,1.5,26,1.25,2.0
1861954.96,3.96,3.0,26,1.43,3.5
1692212.0,4.16,2.5,25,1.5,3.0
2014264.78,4.28,1.5,31,1.28,2.0
968802.93,3.23,2.0,25,1.11,2.5
1551686.65,4.02,2.5,30,1.33,3.0
885854.11,3.06,2.0,21,1.26,2.5
1606784.52,3.93,2.5,25,1.42,3.0
1637321.4,4.33,2.0,28,1.48,2.5
1073687.29,3.06,3.0,30,1.29,3.5
927313.76,3.44,1.5,31,1.15,2.0
1124408.8,3.79,3.0,21,1.24,3.5
590398.7,3.33,1.5,23,1.3,2.0
1051621.1,2.82,2.0,30,1.5,2.5
930313.96,2.79,2.0,24,1.25,2.5
1172018.88,3.14,3.0,19,1.19,3.5
539598.19,3.14,2.5,26,1.2,3.0
602090.84,3.15,2.0,28,1.16,2.5
1017975.39,3.02,2.5,25,1.4,3.0
1416984.6,4.32,2.5,27,1.17,3.0
1783554.29,4.5,1.5,24,1.21,2.0
701784.21,4.31,1.5,27,1.14,2.0
963109.65,3.4,2.5,23,1.15,3.0
1409138.34,4.03,1.5,27,1.31,2.0
1089762.48,3.44,2.0,18,1.48,2.5
835240.58,2.56,1.5,31,1.21,2.0
1525844.08,3.65,3.0,20,1.46,3.5
573633.57,2.24,3.0,20,1.41,3.5
1219369.94,3.11,1.5,22,1.28,2.0
594629.56,3.75,2.5,20,1.18,3.0
1729738.31,4.45,1.5,19,1.42,2.0
1053399.12,2.25,3.0,29,1.2,3.5
680648.7,2.05,2.5,21,1.11,3.0
819337.64,3.99,1.5,21,1.26,2.0
1039333.7,4.41,3.0,21,1.32,3.5
1024559.85,2.44,1.5,27,1.14,2.0
627365.07,2.05,3.0,24,1.19,3.5
455429.54,2.26,1.5,23,1.18,2.0
928629.98,2.49,1.5,30,1.27,2.0
768498.83,4.15,3.0,25,1.22,3.5
702094.38,3.98,1.5,27,1.35,2.0
839064.5,4.43,3.0,27,1.13,3.5
467140.7,2.32,3.0,24,1.33,3.5
929844.8,3.23,2.5,26,1.12,3.0
1396143.42,3.26,1.5,19,1.3,2.0
707717.78,4.0,1.5,27,1.38,2.0
390902.08,2.02,2.0,19,1.13,2.5
1245901.39,2.64,2.5,18,1.28,3.0
1497070.41,4.09,2.5,25,1.45,3.0
1075874.72,3.25,2.5,20,1.18,3.0
888967.49,2.53,1.5,20,1.49,2.0
1650746.41,4.34,1.5,28,1.32,2.0
522858.46,3.14,1.5,23,1.34,2.0
1243454.19,3.45,3.0,18,1.46,3.5
1555956.67,3.76,2.0,29,1.22,2.5
1422503.93,4.2,3.0,18,1.44,3.5
785814.11,2.64,2.5,23,1.29,3.0
783420.85,2.72,3.0,23,1.45,3.5
1015265.91,3.59,2.5,19,1.14,3.0
1279310.9,3.92,3.0,29,1.44,3.5
1085823.51,3.12,3.0,19,1.35,3.5
1185947.04,4.08,2.5,27,1.5,3.0
804713.4,3.24,3.0,23,1.29,3.5
1132857.98,3.22,1.5,26,1.27,2.0
1213354.53,2.58,2.5,30,1.12,3.0
1107816.1,4.26,2.5,23,1.49,3.0
419775.49,2.14,3.0,26,1.36,3.5
578049.62,3.44,1.5,26,1.33,2.0
894148.25,3.54,1.5,30,1.22,2.0
618606.66,3.09,3.0,29,1.26,3.5
1803709.65,4.07,2.5,24,1.4,3.0
1109012.3,4.28,1.5,25,1.38,2.0
1596670.63,4.05,2.0,27,1.32,2.5
1493538.25,3.44,2.0,21,1.3,2.5
1316241.62,3.6,1.5,18,1.15,2.0
1030501.12,3.55,2.5,32,1.17,3.0
798774.71,3.2,2.5,21,1.25,3.0
1547169.4,3.78,2.5,25,1.49,3.0
1533726.64,3.58,1.5,28,1.49,2.0
1690919.86,4.14,2.5,29,1.27,3.0
590822.11,3.03,2.5,32,1.44,3.0
850417.66,3.59,3.0,31,1.4,3.5
1950843.36,4.49,3.0,22,1.45,3.5
804254.58,3.02,3.0,21,1.41,3.5
1211898.57,3.4,2.0,28,1.15,2.5
664448.54,2.26,2.0,28,1.24,2.5
1741254.45,4.43,2.5,18,1.28,3.0
1033249.99,4.12,3.0,21,1.11,3.5
433778.28,2.9,3.0,32,1.5,3.5
978981.04,3.18,2.5,30,1.47,3.0
1094740.04,2.58,2.0,23,1.48,2.5
932543.75,3.16,2.5,19,1.25,3.0
1005914.81,2.43,3.0,31,1.45,3.5
1665914.89,4.06,2.0,21,1.27,2.5
748259.05,3.6,2.0,22,1.25,2.5
798847.84,2.02,2.5,26,1.48,3.0
1547734.17,3.87,1.5,23,1.47,2.0
1457250.95,3.36,1.5,20,1.39,2.0
